Symbol,time,Date,Open,High,Low,Close,Volume,SMA_HIGH,SMA_LOW,SSL_COLOUR,SSL_SWITCH,ATR,RED_CANDLE,VOLUME_REQ,PRICE_REQ,BASELINE_REQ,TRADE_ENTRY,TRADE_RESULT,PERCENT_CHANGE
AAXJ,09:30:00,2020-04-03 09:30:00,58.88,59.08,58.85,58.94,49705,58.691499999999934,58.56699999999995,GREEN,NO,36.262142857142855,NO,YES,YES,YES,YES,TIE,-1.5609093993892003
ABEO,09:30:00,2020-04-03 09:30:00,2.15,2.19,2.09,2.18,63005,2.102164999999918,2.070004999999976,GREEN,NO,6.358214285714286,NO,YES,YES,YES,YES,TIE,-5.045871559633042
ABEO,09:30:00,2020-04-07 09:30:00,2.3472,2.51,2.3472,2.36,270735,2.243244999999919,2.2021199999999768,GREEN,NO,6.144285714285716,NO,YES,YES,YES,YES,TIE,-2.1186440677966027
ACAD,09:30:00,2020-04-06 09:30:00,42.0,42.3,41.48,42.12,45802,40.482999999999905,40.03049999999989,GREEN,NO,24.97142857142857,NO,YES,YES,YES,YES,TIE,2.777777777777782
ACLS,09:30:00,2020-04-06 09:30:00,17.81,18.7,17.81,18.55,13085,16.693499999999876,16.4879999999999,GREEN,NO,6.284285714285714,NO,YES,YES,YES,YES,TIE,2.479784366576824
ACMR,09:30:00,2020-04-06 09:30:00,27.88,29.35,27.31,29.1,37681,26.61049999999989,26.210999999999906,GREEN,NO,2.745,NO,YES,YES,YES,YES,WIN,4.716494845360825
ACRS,09:30:00,2020-04-03 09:30:00,1.11,1.12,1.11,1.12,27216,1.100499999999876,1.0854999999999122,GREEN,NO,3.6521428571428567,NO,YES,YES,YES,YES,TIE,-2.678571428571431
ACRX,09:30:00,2020-04-06 09:30:00,1.12,1.14,1.11,1.13,50275,1.0604999999998757,1.0414999999999126,GREEN,NO,2.414285714285715,NO,YES,YES,YES,YES,TIE,14.159292035398243
ACRX,09:30:00,2020-04-07 09:30:00,1.3,1.36,1.3,1.35,203639,1.2684999999998765,1.2294999999999123,GREEN,NO,2.3792857142857144,NO,YES,YES,YES,YES,TIE,-6.666666666666672
ADI,09:30:00,2020-04-03 09:30:00,87.39,88.8,86.85,88.69,78251,86.8854999999998,86.32249999999965,GREEN,NO,52.34428571428572,NO,YES,YES,YES,YES,TIE,-3.2247153004848346
ADMA,09:30:00,2020-04-06 09:30:00,3.25,3.35,3.1,3.27,436693,2.875499999999781,2.6234999999996824,GREEN,NO,35.81071428571428,NO,YES,YES,YES,YES,TIE,-2.752293577981647
ADTN,09:30:00,2020-04-03 09:30:00,7.91,8.14,7.87,8.06,5086,7.81349999999976,7.749999999999717,GREEN,NO,23.630714285714287,NO,YES,YES,YES,YES,TIE,0.7444168734491157
ADTN,09:30:00,2020-04-06 09:30:00,8.65,8.77,8.19,8.7,6240,8.009999999999758,7.92249999999972,GREEN,NO,23.462857142857146,NO,YES,YES,YES,YES,TIE,0.3448275862069096
ADXS,09:30:00,2020-04-06 09:30:00,0.55,0.57,0.54,0.57,130329,0.5264999999997559,0.5209999999997169,GREEN,NO,11.231428571428573,NO,YES,YES,YES,YES,TIE,12.280701754385976
AEIS,09:30:00,2020-04-03 09:30:00,45.38,45.99,45.2,45.86,3417,44.47499999999976,44.07349999999971,GREEN,NO,3.996428571428571,NO,YES,YES,YES,YES,LOSS,2.1786025792785493
AGNCO,09:30:00,2020-04-06 09:30:00,19.01,20.0,19.01,19.657,12357,18.105209999999786,17.905014999999693,GREEN,NO,5.47357142857143,NO,YES,YES,YES,YES,TIE,6.272574655339068
AGNCP,09:30:00,2020-04-06 09:30:00,18.71,19.17,18.71,19.02,19544,17.814999999999774,17.646999999999682,GREEN,NO,3.488571428571429,NO,YES,YES,YES,YES,TIE,7.939011566771828
AHPI,09:30:00,2020-04-03 09:30:00,18.49,18.9,18.41,18.88,36679,18.21999999999979,17.938999999999712,GREEN,NO,3.164285714285714,NO,YES,YES,YES,YES,TIE,0.05296610169492354
AIKI,09:30:00,2020-04-06 09:30:00,0.6,0.69,0.59,0.67,1127977,0.567999999999791,0.5474999999997142,GREEN,NO,2.982857142857143,NO,YES,YES,YES,YES,TIE,-7.4626865671641855
AIMC,09:30:00,2020-04-03 09:30:00,17.23,17.65,17.21,17.41,8425,16.456999999999777,16.330499999999713,GREEN,NO,3.0678571428571435,NO,YES,YES,YES,YES,LOSS,4.405308935751211
AKBA,09:30:00,2020-04-03 09:30:00,7.01,7.14,6.72,7.02,108054,6.948499999999865,6.857499999999733,GREEN,NO,13.91,NO,YES,YES,YES,YES,TIE,-5.698005698005691
AKTS,09:30:00,2020-04-06 09:30:00,4.55,4.75,4.55,4.75,17421,4.346499999999871,4.277499999999722,GREEN,NO,2.1278571428571427,NO,YES,YES,YES,YES,TIE,1.8947368421052602
ALGT,09:30:00,2020-04-07 09:30:00,80.55,84.33,80.55,82.12,27390,74.17099999999995,73.13499999999972,GREEN,NO,21.537142857142864,NO,YES,YES,YES,YES,TIE,-0.6210423770092609
ALKS,09:30:00,2020-04-03 09:30:00,13.97,14.35,13.85,14.22,9609,13.807999999999993,13.70599999999969,GREEN,NO,25.370000000000008,NO,YES,YES,YES,YES,TIE,-1.6174402250351647
ALNY,09:30:00,2020-04-06 09:30:00,108.24,109.94,107.67,109.88,12429,105.03200000000008,104.21399999999971,GREEN,NO,11.26142857142857,NO,YES,YES,YES,YES,TIE,1.7291590826356076
ALT,09:30:00,2020-04-06 09:30:00,2.94,3.04,2.91,3.02,29031,2.9235000000000384,2.884999999999699,GREEN,NO,15.212142857142858,NO,YES,YES,YES,YES,TIE,-1.655629139072842
AMAG,09:30:00,2020-04-06 09:30:00,6.35,6.53,6.26,6.38,27910,6.119000000000048,6.042499999999768,GREEN,NO,13.218571428571426,NO,YES,YES,YES,YES,TIE,4.388714733542324
AMAT,09:30:00,2020-04-06 09:30:00,44.83,45.76,44.64,45.55,645729,42.314000000000064,41.814499999999754,GREEN,NO,14.355714285714285,NO,YES,YES,YES,YES,TIE,1.3172338090011009
AMCX,09:30:00,2020-04-06 09:30:00,21.64,23.44,21.47,22.94,33635,20.40150000000005,20.02549999999975,GREEN,NO,5.588571428571429,NO,YES,YES,YES,YES,LOSS,6.090422219454478
AMKR,09:30:00,2020-04-06 09:30:00,7.88,8.2,7.75,8.16,94835,7.303499999999982,7.2254999999995535,GREEN,NO,28.502857142857145,NO,YES,YES,YES,YES,TIE,4.534313725490186
AMRS,09:30:00,2020-04-06 09:30:00,2.3,2.37,2.26,2.35,103410,2.2299999999999995,2.1914999999995506,GREEN,NO,1.5557142857142856,NO,YES,YES,YES,YES,TIE,8.936170212765955
AMTD,09:30:00,2020-04-03 09:30:00,35.28,36.26,35.28,36.07,179972,35.128499999999946,34.87899999999958,GREEN,NO,7.205714285714286,NO,YES,YES,YES,YES,LOSS,4.994257198304884
ANGI,09:30:00,2020-04-06 09:30:00,4.73,5.0,4.73,4.87,123371,4.508500000000112,4.443999999999534,GREEN,NO,145.38428571428568,NO,YES,YES,YES,YES,TIE,-4.517453798767962
ANSS,09:30:00,2020-04-03 09:30:00,215.34,217.29,211.9,215.75,17886,213.8670000000001,212.6529999999994,GREEN,NO,16.18642857142857,NO,YES,YES,YES,YES,TIE,0.8713789107763594
APLS,09:30:00,2020-04-03 09:30:00,25.75,26.4,25.21,26.18,9886,25.77150000000018,25.552999999999567,GREEN,NO,20.308571428571433,NO,YES,YES,YES,YES,TIE,-3.20855614973262
APOG,09:30:00,2020-04-06 09:30:00,18.51,19.0,18.23,18.61,7774,17.132000000000165,16.810499999999596,GREEN,NO,2.7707142857142864,NO,YES,YES,YES,YES,LOSS,3.7220772242266076
APPN,09:30:00,2020-04-03 09:30:00,35.63,36.23,35.1,35.64,50817,33.970000000000184,33.61999999999959,GREEN,NO,12.114285714285714,NO,YES,YES,YES,YES,LOSS,8.49767516434183
APPS,09:30:00,2020-04-06 09:30:00,4.04,4.11,3.95,4.09,130272,3.848500000000192,3.794999999999576,GREEN,NO,13.887857142857143,NO,YES,YES,YES,YES,TIE,1.9559902200489014
AQST,09:30:00,2020-04-06 09:30:00,1.92,1.99,1.9,1.93,37428,1.8355000000001935,1.8094999999995711,GREEN,NO,2.7871428571428574,NO,YES,YES,YES,YES,TIE,9.326424870466319
ARAY,09:30:00,2020-04-06 09:30:00,1.8,1.83,1.77,1.82,17750,1.683000000000192,1.660999999999571,GREEN,NO,0.5478571428571428,NO,YES,YES,YES,YES,TIE,5.4945054945054865
ARCB,09:30:00,2020-04-03 09:30:00,16.83,17.13,16.59,16.94,3798,16.633500000000186,16.512499999999573,GREEN,NO,1.4585714285714286,NO,YES,YES,YES,YES,LOSS,2.152555236970821
ARDX,09:30:00,2020-04-03 09:30:00,5.72,5.77,5.57,5.76,7195,5.612000000000156,5.553499999999595,GREEN,NO,1.8571428571428568,NO,YES,YES,YES,YES,TIE,-1.5624999999999976
ARVN,09:30:00,2020-04-03 09:30:00,39.61,40.65,39.2,40.57,6152,39.20500000000014,38.88849999999958,GREEN,NO,4.117857142857143,NO,YES,YES,YES,YES,LOSS,2.5375013204690307
ASMB,09:30:00,2020-04-03 09:30:00,15.51,15.65,15.51,15.56,1869,14.92400000000014,14.810499999999609,GREEN,NO,3.595,NO,YES,YES,YES,YES,LOSS,5.776028277634961
ASNA,09:30:00,2020-04-07 09:30:00,1.27,1.51,1.27,1.41,94253,1.1649999999999945,1.117999999999714,GREEN,NO,39.972142857142856,NO,YES,YES,YES,YES,TIE,-17.02127659574468
ASRT,09:30:00,2020-04-06 09:30:00,0.65,0.65,0.64,0.65,56123,0.6310000000000201,0.6234999999996593,GREEN,NO,37.2592857142857,NO,YES,YES,YES,YES,TIE,3.0769230769230793
ASTE,09:30:00,2020-04-03 09:30:00,40.2,41.45,39.83,41.29,4267,39.0325,38.66699999999968,GREEN,NO,12.16071428571429,NO,YES,YES,YES,YES,LOSS,7.362990001037957
ATVI,09:30:00,2020-04-03 09:30:00,61.26,61.72,60.88,61.39,548514,59.77800000000007,59.51199999999972,GREEN,NO,4.907857142857141,NO,YES,YES,YES,YES,LOSS,1.9986386801014584
AVXL,09:30:00,2020-04-06 09:30:00,2.74,2.79,2.68,2.79,26549,2.609500000000086,2.5809999999995425,GREEN,NO,21.03214285714285,NO,YES,YES,YES,YES,TIE,5.01792114695341
AXAS,09:30:00,2020-04-03 09:30:00,0.141,0.153,0.14,0.1446,773397,0.1351750000000851,0.13078999999954352,GREEN,NO,3.5399285714285718,NO,YES,YES,YES,YES,TIE,-9.681881051175665
AXAS,09:30:00,2020-04-07 09:30:00,0.14,0.149,0.1351,0.146,439552,0.13691500000008516,0.13333499999954349,GREEN,NO,3.509571428571429,NO,YES,YES,YES,YES,TIE,-11.027397260273975
AXSM,09:30:00,2020-04-03 09:30:00,55.55,56.36,54.53,56.2117,18649,55.1675000000001,54.70199999999957,GREEN,NO,3.940357142857143,NO,YES,YES,YES,YES,LOSS,1.7524630739050515
AYTU,09:30:00,2020-04-03 09:30:00,1.64,1.69,1.56,1.64,2535018,1.5090000000000825,1.4804999999995692,GREEN,NO,6.432142857142859,NO,YES,YES,YES,YES,TIE,-1.829268292682915
AZPN,09:30:00,2020-04-06 09:30:00,91.44,92.91,91.44,92.32,8143,87.92800000000014,87.2824999999996,GREEN,NO,10.229285714285718,NO,YES,YES,YES,YES,TIE,1.148180242634318
BBBY,09:30:00,2020-04-06 09:30:00,4.15,4.57,4.14,4.46,1274369,3.785000000000143,3.5964999999995837,GREEN,NO,2.7507142857142854,NO,YES,YES,YES,YES,TIE,-1.1210762331838524
BBBY,09:30:00,2020-04-07 09:30:00,4.89,5.23,4.1,4.95,2164385,4.4890000000001455,4.344999999999582,GREEN,NO,2.690714285714286,NO,YES,YES,YES,YES,LOSS,13.58946608946609
BCOV,09:30:00,2020-04-03 09:30:00,7.01,7.05,7.01,7.05,200,6.8775000000001345,6.8409999999995765,GREEN,NO,1.985,NO,YES,YES,YES,YES,TIE,-2.695035460992901
BCRX,09:30:00,2020-04-03 09:30:00,1.94,1.96,1.89,1.95,199988,1.8925000000001344,1.8659999999995736,GREEN,NO,1.6342857142857146,NO,YES,YES,YES,YES,LOSS,20.952380952380956
BDSI,09:30:00,2020-04-03 09:30:00,3.78,3.95,3.7,3.89,59396,3.7325000000001336,3.6949999999995753,GREEN,NO,1.2314285714285715,NO,YES,YES,YES,YES,TIE,-3.3419023136246873
BFYT,09:30:00,2020-04-06 09:30:00,18.32,19.2,18.1,18.99,41613,17.67250000000012,17.44949999999957,GREEN,NO,5.357857142857143,NO,YES,YES,YES,YES,TIE,7.161664033701964
BGFV,09:30:00,2020-04-06 09:30:00,0.76,0.78,0.75,0.76,83989,0.6815000000001097,0.6679999999995629,GREEN,NO,2.1128571428571425,NO,YES,YES,YES,YES,TIE,6.5789473684210575
BGNE,09:30:00,2020-04-06 09:30:00,142.24,145.81,142.24,145.19,10293,138.02500000000012,137.1919999999996,GREEN,NO,11.457857142857142,NO,YES,YES,YES,YES,TIE,-0.8402782560782415
BHF,09:30:00,2020-04-06 09:30:00,21.67,22.57,21.03,22.49,64237,19.60200000000021,19.268499999999577,GREEN,NO,19.25071428571428,NO,YES,YES,YES,YES,TIE,0.8003557136505259
BIB,09:30:00,2020-04-03 09:30:00,45.54,46.87,45.25,46.37,19169,44.8220000000002,44.58799999999957,GREEN,NO,20.97,NO,YES,YES,YES,YES,TIE,-3.8602544748759957
BILI,09:30:00,2020-04-06 09:30:00,24.91,25.07,24.72,24.97,293709,24.06900000000028,23.82749999999943,GREEN,NO,40.55285714285714,NO,YES,YES,YES,YES,TIE,2.362835402482979
BILI,09:30:00,2020-04-07 09:30:00,26.11,26.9,26.11,26.34,527802,25.444000000000287,25.29049999999943,GREEN,NO,40.52357142857143,NO,YES,YES,YES,YES,TIE,0.41761579347000544
BKCC,09:30:00,2020-04-06 09:30:00,1.9,2.0,1.9,1.99,42317,1.7945000000002982,1.769499999999424,GREEN,NO,3.9793,NO,YES,YES,YES,YES,TIE,-4.522613065326637
BL,09:30:00,2020-04-06 09:30:00,51.34,51.86,50.52,51.83,12836,49.03550000000072,48.59549999999993,GREEN,NO,204.52857142857144,NO,YES,YES,YES,YES,TIE,0.3279953694771401
BLMN,09:30:00,2020-04-06 09:30:00,6.37,6.8,6.37,6.78,216431,5.728500000000785,5.610999999999922,GREEN,NO,6.7285714285714295,NO,YES,YES,YES,YES,TIE,2.064896755162237
BOOM,09:30:00,2020-04-03 09:30:00,23.67,23.85,23.46,23.7,14017,22.995500000000728,22.73249999999995,GREEN,NO,4.586428571428573,NO,YES,YES,YES,YES,TIE,1.603375527426156
BPFH,09:30:00,2020-04-03 09:30:00,7.3,7.49,7.22,7.44,5620,7.226500000000773,7.174499999999934,GREEN,NO,2.642857142857143,NO,YES,YES,YES,YES,LOSS,8.880568356374807
BPMC,09:30:00,2020-04-03 09:30:00,59.61,60.98,59.3,60.62,5397,59.53100000000084,59.04349999999992,GREEN,NO,5.726428571428576,NO,YES,YES,YES,YES,LOSS,2.3616086157326692
BPMC,09:30:00,2020-04-06 09:30:00,62.25,62.6,61.87,62.33,31515,60.05000000000083,59.42099999999992,GREEN,NO,5.650714285714287,NO,YES,YES,YES,YES,WIN,4.532900919071303
BPY,09:30:00,2020-04-07 09:30:00,8.89,9.41,8.1,9.14,506403,8.325000000000829,8.113999999999907,GREEN,NO,9.064285714285717,NO,YES,YES,YES,YES,TIE,-5.142231947483595
BPYU,09:30:00,2020-04-02 09:30:00,8.04,8.15,7.93,8.12,8559,7.9135000000008295,7.758499999999906,GREEN,NO,5.407142857142856,NO,YES,YES,YES,YES,TIE,-2.8325123152709306
BPYU,09:30:00,2020-04-07 09:30:00,9.06,9.65,9.06,9.4,112260,8.487500000000827,8.353499999999906,GREEN,NO,5.072142857142857,NO,YES,YES,YES,YES,TIE,-5.531914893617016
BRKR,09:30:00,2020-04-03 09:30:00,33.46,33.92,33.01,33.79,15804,31.77100000000083,31.520499999999913,GREEN,NO,1.9864285714285717,NO,YES,YES,YES,YES,LOSS,1.469686720500571
BRP,09:30:00,2020-04-06 09:30:00,9.16,10.09,9.16,9.78,2064,8.932000000000823,8.689999999999923,GREEN,NO,4.1328571428571435,NO,YES,YES,YES,YES,TIE,1.226993865030685
BRY,09:30:00,2020-04-06 09:30:00,2.25,2.34,2.25,2.34,13248,2.164000000000818,2.1209999999999214,GREEN,NO,3.2764285714285712,NO,YES,YES,YES,YES,TIE,-3.4188034188034218
BYND,09:30:00,2020-04-06 09:30:00,62.75,63.75,62.05,63.34,305046,59.1620000000008,58.43949999999989,GREEN,NO,6.525714285714287,NO,YES,YES,YES,YES,WIN,5.151337453200416
BZUN,09:30:00,2020-04-06 09:30:00,26.75,27.42,26.75,27.2,44862,25.95650000000084,25.739999999999878,GREEN,NO,9.593571428571428,NO,YES,YES,YES,YES,TIE,6.470588235294124
CACC,09:30:00,2020-04-02 09:30:00,237.6,238.34,233.3,238.34,2260,237.27800000000084,232.12749999999986,GREEN,NO,23.640000000000004,NO,YES,YES,YES,YES,LOSS,2.479650918855417
CAKE,09:30:00,2020-04-06 09:30:00,16.6,17.06,16.55,16.92,405568,15.373000000000648,15.057499999999774,GREEN,NO,40.944285714285726,NO,YES,YES,YES,YES,TIE,-0.7683215130023792
CARA,09:30:00,2020-04-03 09:30:00,12.68,12.85,12.53,12.79,12451,12.52000000000066,12.427999999999747,GREEN,NO,1.6085714285714283,NO,YES,YES,YES,YES,LOSS,3.1441974757064663
CASA,09:30:00,2020-04-06 09:30:00,3.42,3.5,3.35,3.42,6802,3.2305000000006787,3.189499999999713,GREEN,NO,3.0364285714285724,NO,YES,YES,YES,YES,TIE,10.818713450292401
CASY,09:30:00,2020-04-06 09:30:00,123.39,125.63,122.87,125.58,8334,120.71950000000072,119.71749999999972,GREEN,NO,11.510000000000002,NO,YES,YES,YES,YES,WIN,4.582736104475236
CATM,09:30:00,2020-04-06 09:30:00,17.5,19.16,17.5,19.12,28586,16.284000000000695,16.030999999999747,GREEN,NO,20.033571428571427,NO,YES,YES,YES,YES,TIE,6.53765690376569
CATS,09:30:00,2020-04-07 09:30:00,18.48,18.88,18.28,18.88,117442,17.85500000000069,17.571499999999748,GREEN,NO,19.63214285714286,NO,YES,YES,YES,YES,TIE,4.237288135593224
CBAY,09:30:00,2020-04-06 09:30:00,1.44,1.47,1.43,1.47,34879,1.4230000000006942,1.4009999999997529,GREEN,NO,2.820714285714286,NO,YES,YES,YES,YES,TIE,1.360544217687076
CCOI,09:30:00,2020-04-06 09:30:00,87.76,89.96,87.76,89.0,26531,85.56900000000063,84.85549999999994,GREEN,NO,10.757857142857144,NO,YES,YES,YES,YES,LOSS,3.021869983948636
CDLX,09:30:00,2020-04-06 09:30:00,31.81,34.4,31.77,33.45,113408,29.619000000000607,29.028999999999986,GREEN,NO,5.826428571428571,NO,YES,YES,YES,YES,LOSS,4.3545803971812935
CDLX,09:30:00,2020-04-07 09:30:00,39.23,42.91,39.05,41.7,173918,37.07800000000061,36.128999999999984,GREEN,NO,6.312142857142858,NO,YES,YES,YES,YES,LOSS,3.7842583076396026
CDMO,09:30:00,2020-04-06 09:30:00,4.49,4.59,4.44,4.59,4395,4.3650000000005935,4.313499999999973,GREEN,NO,5.780714285714286,NO,YES,YES,YES,YES,TIE,4.793028322440082
CDXC,09:30:00,2020-04-06 09:30:00,3.32,3.4,3.32,3.4,26188,3.165000000000638,3.1304999999999334,GREEN,NO,13.157142857142858,NO,YES,YES,YES,YES,TIE,3.529411764705886
CENTA,09:30:00,2020-04-06 09:30:00,27.21,27.52,26.65,27.36,26308,26.29100000000064,26.071499999999922,GREEN,NO,2.2042857142857137,NO,YES,YES,YES,YES,WIN,4.02829991645781
CENX,09:30:00,2020-04-07 09:30:00,3.65,3.99,3.63,3.78,128901,3.5350000000006383,3.4734999999999325,GREEN,NO,3.7114285714285695,NO,YES,YES,YES,YES,TIE,0.0
CERS,09:30:00,2020-04-03 09:30:00,4.52,4.62,4.43,4.58,85130,4.5275000000006225,4.4804999999999024,GREEN,NO,10.614285714285714,NO,YES,YES,YES,YES,TIE,-1.3100436681222816
CERS,09:30:00,2020-04-06 09:30:00,4.7,4.86,4.69,4.79,114112,4.546000000000624,4.495499999999902,GREEN,NO,10.459285714285713,NO,YES,YES,YES,YES,TIE,1.2526096033402843
CETV,09:30:00,2020-04-07 09:30:00,2.95,3.1,2.95,2.98,85448,2.8620000000006254,2.831999999999904,GREEN,NO,8.788571428571428,NO,YES,YES,YES,YES,TIE,-2.684563758389264
CEVA,09:30:00,2020-04-06 09:30:00,27.12,27.76,26.95,27.15,10482,25.37050000000061,25.17649999999991,GREEN,NO,6.13857142857143,NO,YES,YES,YES,YES,TIE,0.4051565377532339
CFB,09:30:00,2020-04-06 09:30:00,8.99,9.0,8.62,9.0,6236,8.673000000000616,8.528499999999905,GREEN,NO,3.4385714285714286,NO,YES,YES,YES,YES,TIE,-1.555555555555562
CFMS,09:30:00,2020-04-06 09:30:00,0.59,0.65,0.59,0.63,25688,0.5975000000006118,0.5874999999999094,GREEN,NO,2.587857142857143,NO,YES,YES,YES,YES,TIE,1.5873015873015885
CG,09:30:00,2020-04-06 09:30:00,20.82,21.32,20.81,21.28,35867,19.70450000000061,19.513499999999915,GREEN,NO,2.5307142857142857,NO,YES,YES,YES,YES,TIE,2.5845864661654003
CGBD,09:30:00,2020-04-02 09:30:00,4.97,4.97,4.97,4.97,8325,4.922000000000616,4.864999999999921,GREEN,NO,3.6714285714285713,NO,YES,YES,YES,YES,TIE,-3.0181086519114584
CGEN,09:30:00,2020-04-03 09:30:00,7.26,7.45,7.11,7.34,28218,7.178000000000621,7.1114999999999275,GREEN,NO,3.091428571428571,NO,YES,YES,YES,YES,TIE,1.6348773841961868
CGNX,09:30:00,2020-04-03 09:30:00,41.29,41.98,41.29,41.78,22037,41.15350000000063,40.92999999999992,GREEN,NO,4.076428571428572,NO,YES,YES,YES,YES,LOSS,2.4392224577720034
CHEF,09:30:00,2020-04-07 09:30:00,11.36,12.48,11.29,11.54,277980,10.187500000000636,9.87199999999992,GREEN,NO,12.56,NO,YES,YES,YES,YES,TIE,-5.979202772963601
CHI,09:30:00,2020-04-07 09:30:00,8.11,8.29,8.11,8.21,34250,7.797000000000637,7.738499999999919,GREEN,NO,7.135185714285713,NO,YES,YES,YES,YES,TIE,-1.5834348355663916
CHKP,09:30:00,2020-04-02 09:30:00,98.86,99.97,98.16,99.72,37959,98.8245000000006,98.11949999999992,GREEN,NO,7.988042857142857,NO,YES,YES,YES,YES,LOSS,2.002618044811186
CHRW,09:30:00,2020-04-03 09:30:00,68.63,69.77,68.17,69.43,41715,67.76500000000058,67.44649999999993,GREEN,NO,4.851428571428572,NO,YES,YES,YES,YES,LOSS,1.7468776362626286
CHUY,09:30:00,2020-04-06 09:30:00,9.99,10.710999999999999,9.92,10.26,25718,9.16105500000085,8.968065000000113,GREEN,NO,64.53141428571428,NO,YES,YES,YES,YES,TIE,0.2923976608187072
CHW,09:30:00,2020-04-07 09:30:00,5.78,5.89,5.78,5.83,49173,5.52000000000085,5.4825000000001065,GREEN,NO,61.072128571428564,NO,YES,YES,YES,YES,TIE,-0.514579759862783
CHY,09:30:00,2020-04-07 09:30:00,8.55,8.82,8.55,8.71,31964,8.303500000000852,8.253500000000107,GREEN,NO,32.51855714285714,NO,YES,YES,YES,YES,TIE,-0.3444316877152828
CLNE,09:30:00,2020-04-06 09:30:00,1.71,1.73,1.65,1.73,40543,1.6520000000008586,1.6260000000001842,GREEN,NO,6.692857142857141,NO,YES,YES,YES,YES,TIE,0.5780346820809253
CLXT,09:30:00,2020-04-06 09:30:00,3.15,3.23,3.15,3.2,3440,2.9870000000008656,2.9470000000001866,GREEN,NO,1.5978571428571426,NO,YES,YES,YES,YES,TIE,6.874999999999992
CME,09:30:00,2020-04-02 09:30:00,166.53,169.07,165.46,167.43,30360,166.77000000000098,165.2815000000002,GREEN,NO,12.099285714285712,NO,YES,YES,YES,YES,LOSS,1.806618544210373
CMTL,09:30:00,2020-04-06 09:30:00,12.61,13.42,12.61,13.33,23141,11.950000000000944,11.760000000000144,GREEN,NO,23.86857142857143,NO,YES,YES,YES,YES,TIE,4.0510127531882905
CNSL,09:30:00,2020-04-06 09:30:00,4.7,4.76,4.54,4.75,45951,4.393000000000939,4.329500000000143,GREEN,NO,2.592857142857143,NO,YES,YES,YES,YES,TIE,0.8421052631578954
COCP,09:30:00,2020-04-02 09:30:00,0.68,0.69,0.66,0.69,8316,0.6798050000009471,0.6657450000001449,GREEN,NO,7.931421428571428,NO,YES,YES,YES,YES,TIE,4.347826086956526
COHU,09:30:00,2020-04-06 09:30:00,11.82,12.2,11.82,12.1,23938,11.249500000000868,11.09700000000021,GREEN,NO,15.444742857142856,NO,YES,YES,YES,YES,TIE,10.991735537190085
COLM,09:30:00,2020-04-06 09:30:00,67.93,69.71,67.17,69.71,11927,65.23350000000082,64.7830000000002,GREEN,NO,5.604285714285716,NO,YES,YES,YES,YES,LOSS,2.0098571633502065
COMM,09:30:00,2020-04-02 09:30:00,8.48,8.78,8.45,8.78,41062,8.423000000000782,8.311500000000207,GREEN,NO,9.689285714285717,NO,YES,YES,YES,YES,TIE,-2.2779043280182156
COMM,09:30:00,2020-04-06 09:30:00,8.98,9.19,8.87,9.16,150734,8.558000000000781,8.432000000000214,GREEN,NO,9.367857142857146,NO,YES,YES,YES,YES,TIE,3.7117903930130987
CONE,09:30:00,2020-04-06 09:30:00,63.84,64.19,62.15,64.135,27544,62.00125000000075,61.473610000000235,GREEN,NO,12.340000000000002,NO,YES,YES,YES,YES,TIE,-2.8611522569579915
CONN,09:30:00,2020-04-06 09:30:00,3.5,3.65,3.5,3.64,69484,3.245000000000748,3.2110000000002126,GREEN,NO,12.802857142857144,NO,YES,YES,YES,YES,TIE,-1.0989010989010999
COOP,09:30:00,2020-04-06 09:30:00,5.71,6.08,5.65,6.03,224809,4.813000000000751,4.584000000000207,GREEN,NO,8.367857142857142,NO,YES,YES,YES,YES,TIE,-2.8192371475953553
CORT,09:30:00,2020-04-03 09:30:00,12.0,12.49,11.93,12.46,46834,11.96050000000075,11.875500000000189,GREEN,NO,3.408571428571429,NO,YES,YES,YES,YES,LOSS,6.839027745929832
COST,09:30:00,2020-04-03 09:30:00,289.17,292.34,287.57,290.37,119337,287.14750000000066,286.0385000000003,GREEN,NO,22.824414285714283,NO,YES,YES,YES,YES,TIE,-1.1709198608671616
COUP,09:30:00,2020-04-03 09:30:00,130.64,133.29,129.57,132.22,71817,128.72250000000076,127.8580000000003,GREEN,NO,35.40441428571428,NO,YES,YES,YES,YES,TIE,-4.863106942973825
COUP,09:30:00,2020-04-06 09:30:00,129.11,131.84,125.3,131.3,110082,126.52650000000072,124.82600000000036,GREEN,NO,35.697985714285714,NO,YES,YES,YES,YES,TIE,7.067783701447068
CRON,09:30:00,2020-04-03 09:30:00,5.41,5.73,5.41,5.63,430825,5.3565000000007466,5.295500000000334,GREEN,NO,5.762414285714287,NO,YES,YES,YES,YES,TIE,-2.3090586145648295
CRON,09:30:00,2020-04-07 09:30:00,5.94,6.01,5.1,5.95,520038,5.795000000000746,5.686000000000333,GREEN,NO,5.382414285714286,NO,YES,YES,YES,YES,TIE,-5.714285714285712
CRSP,09:30:00,2020-04-06 09:30:00,41.0,41.55,40.5,41.36,50222,39.87100000000072,39.49050000000032,GREEN,NO,3.700714285714286,NO,YES,YES,YES,YES,TIE,1.9825918762088983
CRWD,09:30:00,2020-04-06 09:30:00,59.08,59.95,58.66,59.62,381426,58.23400000000071,57.572000000000315,GREEN,NO,7.9807142857142885,NO,YES,YES,YES,YES,TIE,-0.9225092250922462
CSGS,09:30:00,2020-04-06 09:30:00,42.32,43.56,42.32,42.89,3203,40.68400000000049,40.34900000000072,GREEN,NO,84.52785714285714,NO,YES,YES,YES,YES,TIE,4.056889717882961
CSII,09:30:00,2020-04-03 09:30:00,36.27,36.39,35.3,36.39,4495,35.6325000000005,35.341000000000726,GREEN,NO,83.64142857142859,NO,YES,YES,YES,YES,TIE,-6.430338004946423
CSIQ,09:30:00,2020-04-06 09:30:00,15.74,16.34,15.61,16.28,54204,14.926000000000505,14.752500000000708,GREEN,NO,42.20142857142857,NO,YES,YES,YES,YES,TIE,0.6142506142506011
CSX,09:30:00,2020-04-03 09:30:00,56.61,57.66,56.61,57.4,256584,55.59250000000054,55.26150000000075,GREEN,NO,5.152142857142857,NO,YES,YES,YES,YES,LOSS,2.2439646590343454
CTMX,09:30:00,2020-04-02 09:30:00,7.35,7.35,7.12,7.35,9219,7.3030000000006385,7.174500000000823,GREEN,NO,25.694285714285716,NO,YES,YES,YES,YES,TIE,-0.5442176870748304
CTMX,09:30:00,2020-04-03 09:30:00,7.45,7.81,7.32,7.68,7274,7.25050000000064,7.169000000000823,GREEN,NO,25.673571428571428,NO,YES,YES,YES,YES,TIE,-3.124999999999991
CTRE,09:30:00,2020-04-06 09:30:00,14.18,14.61,13.1,14.45,18688,12.928500000000644,12.703500000000824,GREEN,NO,22.424285714285716,NO,YES,YES,YES,YES,TIE,0.8304498269896263
CTRM,09:30:00,2020-04-07 09:30:00,0.64,0.65,0.61,0.65,115981,0.6345000000006393,0.6000000000008254,GREEN,NO,14.570000000000002,NO,YES,YES,YES,YES,TIE,-9.230769230769239
CTXR,09:30:00,2020-04-02 09:30:00,0.85,0.98,0.84,0.95,934006,0.8015000000006323,0.7570000000008049,GREEN,NO,6.987142857142856,NO,YES,YES,YES,YES,TIE,-23.157894736842103
CUTR,09:30:00,2020-04-02 09:30:00,12.58,12.58,12.58,12.58,1674,12.53600000000064,12.330000000000789,GREEN,NO,20.60571428571428,NO,YES,YES,YES,YES,TIE,2.305246422893475
CVBF,09:30:00,2020-04-03 09:30:00,19.76,20.0,19.76,19.99,20731,19.71550000000064,19.622000000000764,GREEN,NO,20.751428571428566,NO,YES,YES,YES,YES,TIE,-3.7518759379689848
CVGI,09:30:00,2020-04-06 09:30:00,1.42,1.44,1.41,1.44,8906,1.2965000000006437,1.2780000000007692,GREEN,NO,2.052857142857143,NO,YES,YES,YES,YES,TIE,1.3888888888888902
CVGW,09:30:00,2020-04-03 09:30:00,58.26,59.58,58.26,59.58,1388,57.66450000000062,57.31300000000077,GREEN,NO,5.488571428571428,NO,YES,YES,YES,YES,LOSS,2.303025943509327
CYRX,09:30:00,2020-04-06 09:30:00,16.24,16.33,16.16,16.27,4757,15.42900000000056,15.247500000000752,GREEN,NO,10.573571428571428,NO,YES,YES,YES,YES,TIE,2.397049784880151
DDOG,09:30:00,2020-04-06 09:30:00,35.44,36.0,35.1,35.51,218727,34.1315000000006,33.729500000000726,GREEN,NO,3.47,NO,YES,YES,YES,YES,TIE,2.1402421852999303
DEAC,09:30:00,2020-04-07 09:30:00,13.25,13.73,13.15,13.62,313200,12.71200000000059,12.56250000000076,GREEN,NO,5.004285714285714,NO,YES,YES,YES,YES,LOSS,9.185546465282147
DGRW,09:30:00,2020-04-03 09:30:00,38.23,38.49,37.94,38.45,25085,37.986500000000596,37.877000000000756,GREEN,NO,3.9707142857142856,NO,YES,YES,YES,YES,TIE,-2.0286085825747753
DHC,09:30:00,2020-04-06 09:30:00,2.38,2.56,2.33,2.55,57997,2.254500000000601,2.206500000000763,GREEN,NO,6.211428571428571,NO,YES,YES,YES,YES,TIE,-3.9215686274509665
DIOD,09:30:00,2020-04-03 09:30:00,39.16,39.74,39.16,39.74,1879,38.9900000000006,38.76200000000075,GREEN,NO,8.242142857142856,NO,YES,YES,YES,YES,TIE,0.7045797684952217
DIOD,09:30:00,2020-04-06 09:30:00,42.65,43.29,42.45,43.26,11305,40.0495000000006,39.696500000000775,GREEN,NO,8.314285714285713,NO,YES,YES,YES,YES,TIE,4.785020804438281
DISCA,09:30:00,2020-04-06 09:30:00,19.18,19.58,19.0,19.52,255518,18.237000000000574,18.020500000000737,GREEN,NO,7.792857142857143,NO,YES,YES,YES,YES,TIE,0.6147540983606609
DISCK,09:30:00,2020-04-06 09:30:00,17.76,17.98,17.59,17.87,183564,16.566000000000578,16.42200000000074,GREEN,NO,5.5235714285714295,NO,YES,YES,YES,YES,TIE,1.175153889199761
DISH,09:30:00,2020-04-06 09:30:00,20.07,20.85,19.96,20.32,177711,18.87200000000057,18.647500000000726,GREEN,NO,2.6385714285714292,NO,YES,YES,YES,YES,TIE,3.83858267716536
DLTH,09:30:00,2020-04-06 09:30:00,3.55,3.72,3.54,3.64,26350,3.3500000000005685,3.2980000000007417,GREEN,NO,1.9700000000000009,NO,YES,YES,YES,YES,TIE,1.3736263736263687
DLTH,09:30:00,2020-04-07 09:30:00,3.86,3.98,3.86,3.88,28038,3.642000000000569,3.5930000000007367,GREEN,NO,1.9242857142857148,NO,YES,YES,YES,YES,TIE,-2.061855670103095
DNJR,09:30:00,2020-04-03 09:30:00,0.53,0.53,0.53,0.53,750,0.5135000000005997,0.4910000000007784,GREEN,NO,12.546428571428569,NO,YES,YES,YES,YES,TIE,-3.7735849056603805
DNJR,09:30:00,2020-04-06 09:30:00,0.55,0.58,0.54,0.55,18414,0.5295000000005996,0.5045000000007784,GREEN,NO,12.380714285714284,NO,YES,YES,YES,YES,TIE,25.454545454545435
DNJR,09:30:00,2020-04-07 09:30:00,0.69,0.92,0.69,0.92,45129,0.6295000000005997,0.5740000000007784,GREEN,NO,12.370714285714286,NO,YES,YES,YES,YES,TIE,2.1739130434782505
DNLI,09:30:00,2020-04-03 09:30:00,17.54,17.69,17.43,17.57,7615,16.94600000000053,16.822000000000788,GREEN,NO,13.519285714285715,NO,YES,YES,YES,YES,TIE,-3.2441661923733656
DORM,09:30:00,2020-04-06 09:30:00,48.89,50.31,48.89,49.84,1904,46.2245000000005,45.68750000000081,GREEN,NO,9.297857142857145,NO,YES,YES,YES,YES,TIE,4.554574638844294
DOYU,09:30:00,2020-04-06 09:30:00,7.35,7.64,7.27,7.61,212272,7.077000000000534,6.960500000000772,GREEN,NO,7.474285714285713,NO,YES,YES,YES,YES,TIE,-1.83968462549278
DRNA,09:30:00,2020-04-03 09:30:00,18.13,18.73,17.88,18.42,3560,17.442000000000526,17.269000000000776,GREEN,NO,5.502142857142856,NO,YES,YES,YES,YES,TIE,-3.1487513572204224
DSGX,09:30:00,2020-04-06 09:30:00,33.95,34.26,33.7,34.17,1408,32.89000000000052,32.660000000000764,GREEN,NO,4.610714285714286,NO,YES,YES,YES,YES,TIE,5.648229441030142
EA,09:30:00,2020-04-03 09:30:00,102.81,103.81,102.35,103.39,205492,101.66350000000055,101.14250000000071,GREEN,NO,8.2281,NO,YES,YES,YES,YES,LOSS,1.9895782957732855
EA,09:30:00,2020-04-06 09:30:00,105.39,105.83,104.55,105.59,253652,103.27800000000063,102.51350000000065,GREEN,NO,8.193814285714284,NO,YES,YES,YES,YES,TIE,0.8712946301733134
EDIT,09:30:00,2020-04-06 09:30:00,20.2,20.76,20.2,20.71,88492,19.348000000000635,19.16850000000068,GREEN,NO,4.994999999999999,NO,YES,YES,YES,YES,TIE,2.8005794302269353
EGLE,09:30:00,2020-04-06 09:30:00,1.77,1.88,1.77,1.85,11097,1.7080000000006526,1.6785000000006605,GREEN,NO,11.578571428571427,NO,YES,YES,YES,YES,TIE,-4.324324324324328
EGOV,09:30:00,2020-04-03 09:30:00,22.3,22.67,22.2,22.67,5147,22.127500000000644,21.99400000000065,GREEN,NO,8.657857142857143,NO,YES,YES,YES,YES,TIE,-0.4411116012351187
ENDP,09:30:00,2020-04-06 09:30:00,3.33,3.48,3.32,3.35,452961,3.1295000000006423,3.088500000000642,GREEN,NO,13.748571428571427,NO,YES,YES,YES,YES,TIE,-4.1791044776119435
ENPH,09:30:00,2020-04-06 09:30:00,30.81,32.0,30.61,31.96,633975,28.60700000000065,28.207000000000612,GREEN,NO,15.314285714285715,NO,YES,YES,YES,YES,TIE,6.5707133917396785
ENSG,09:30:00,2020-04-06 09:30:00,34.0,34.59,33.03,34.3,18255,32.10050000000066,31.648500000000617,GREEN,NO,9.933571428571428,NO,YES,YES,YES,YES,TIE,5.072886297376099
ENTA,09:30:00,2020-04-06 09:30:00,51.33,52.3,51.03,51.83,9668,49.83500000000065,49.37750000000061,GREEN,NO,7.216471428571428,NO,YES,YES,YES,YES,LOSS,3.480837077258069
ENTG,09:30:00,2020-04-03 09:30:00,41.93,42.19,41.63,42.11,11190,41.64900000000075,41.43300000000055,GREEN,NO,7.270757142857143,NO,YES,YES,YES,YES,TIE,-0.11873664212775387
ENTG,09:30:00,2020-04-06 09:30:00,44.2,44.94,43.5,44.86,20908,41.95550000000075,41.65500000000056,GREEN,NO,7.054328571428571,NO,YES,YES,YES,YES,WIN,7.862604292720208
EQIX,09:30:00,2020-04-03 09:30:00,626.31,632.46,620.48,627.75,11453,615.5785000000008,611.4915000000008,GREEN,NO,47.222142857142856,NO,YES,YES,YES,YES,LOSS,1.8806110257723159
ERI,09:30:00,2020-04-06 09:30:00,11.42,11.75,11.36,11.7,711592,10.132500000000777,9.853000000000756,GREEN,NO,93.11,NO,YES,YES,YES,YES,TIE,19.914529914529915
ESGU,09:30:00,2020-04-03 09:30:00,56.3,56.62,56.2057,56.608000000000004,12883,55.966670000000704,55.78850000000072,GREEN,NO,7.650714285714287,NO,YES,YES,YES,YES,TIE,-2.487280949689092
ETFC,09:30:00,2020-04-03 09:30:00,34.19,34.71,33.87,34.62,156137,33.78850000000069,33.54750000000068,GREEN,NO,5.383571428571429,NO,YES,YES,YES,YES,LOSS,3.887616571758687
ETFC,09:30:00,2020-04-06 09:30:00,36.4,36.88,36.36,36.43,122782,33.91600000000067,33.62650000000068,GREEN,NO,5.287857142857144,NO,YES,YES,YES,YES,TIE,2.992039527861662
EVER,09:30:00,2020-04-06 09:30:00,25.37,25.83,24.55,25.83,13832,23.842000000000663,23.224500000000578,GREEN,NO,15.616428571428573,NO,YES,YES,YES,YES,TIE,6.387921022067372
EVER,09:30:00,2020-04-07 09:30:00,28.68,29.7,28.63,29.0,45135,27.310000000000677,26.913000000000586,GREEN,NO,15.766428571428573,NO,YES,YES,YES,YES,TIE,-4.103448275862073
EVOP,09:30:00,2020-04-06 09:30:00,13.3,13.72,13.3,13.58,21097,12.701000000000686,12.557000000000588,GREEN,NO,14.28,NO,YES,YES,YES,YES,TIE,1.178203240058911
EXPD,09:30:00,2020-04-03 09:30:00,67.23,68.21,67.03,68.16,44523,66.57050000000065,66.2535000000006,GREEN,NO,8.017142857142858,NO,YES,YES,YES,YES,TIE,-1.965962441314559
EYE,09:30:00,2020-04-06 09:30:00,17.82,18.72,17.82,18.33,18596,16.19250000000069,15.909000000000546,GREEN,NO,10.94357142857143,NO,YES,YES,YES,YES,TIE,0.2727768685215533
FANG,09:30:00,2020-04-02 09:30:00,26.52,27.2,26.44,27.2,137094,25.037000000000692,24.560500000000552,GREEN,NO,3.385714285714286,NO,YES,YES,YES,YES,WIN,6.22373949579832
FANG,09:30:00,2020-04-07 09:30:00,33.65,36.79,33.65,35.48,571287,31.83000000000068,31.155500000000554,GREEN,NO,3.6328571428571435,NO,YES,YES,YES,YES,WIN,5.119584474150428
FB,09:30:00,2020-04-07 09:30:00,171.5,172.85,170.01,172.71,2782869,163.57900000000063,162.42300000000048,GREEN,NO,14.031428571428574,NO,YES,YES,YES,YES,LOSS,2.031067768430979
FBIO,09:30:00,2020-04-06 09:30:00,1.94,2.01,1.91,2.01,19011,1.8635000000006168,1.831500000000511,GREEN,NO,24.349285714285717,NO,YES,YES,YES,YES,TIE,-1.4925373134328264
FCEL,09:30:00,2020-04-07 09:30:00,1.49,1.53,1.48,1.5,1007295,1.4180000000006152,1.3985000000004966,GREEN,NO,15.105714285714289,NO,YES,YES,YES,YES,TIE,-2.6666666666666687
FDUS,09:30:00,2020-04-06 09:30:00,5.65,5.77,5.58,5.72,11459,5.231500000000578,5.155500000000498,GREEN,NO,10.260714285714286,NO,YES,YES,YES,YES,TIE,0.5244755244755288
FFIN,09:30:00,2020-04-03 09:30:00,26.1,26.65,25.97,26.51,14781,25.967500000000573,25.745000000000505,GREEN,NO,1.892142857142857,NO,YES,YES,YES,YES,LOSS,1.7843670851969604
FIVE,09:30:00,2020-04-06 09:30:00,67.31,67.98,66.16,67.62,49769,61.861000000000686,61.04450000000058,GREEN,NO,15.245714285714287,NO,YES,YES,YES,YES,TIE,4.480922803904172
FIZZ,09:30:00,2020-04-06 09:30:00,43.21,43.98,43.04,43.81,8354,41.23600000000072,40.85850000000055,GREEN,NO,6.693571428571429,NO,YES,YES,YES,YES,LOSS,3.819659568917729
FLNT,09:30:00,2020-04-06 09:30:00,1.23,1.39,1.23,1.35,33194,1.1910000000007208,1.1535000000005406,GREEN,NO,4.5914285714285725,NO,YES,YES,YES,YES,TIE,-10.37037037037038
FLWS,09:30:00,2020-04-06 09:30:00,12.69,13.21,12.64,12.95,17401,12.085000000000708,11.951500000000536,GREEN,NO,3.3392857142857144,NO,YES,YES,YES,YES,TIE,3.320463320463332
FNHC,09:30:00,2020-04-03 09:30:00,11.08,11.08,11.08,11.08,100,11.05400000000077,11.0285000000005,GREEN,NO,6.587857142857144,NO,YES,YES,YES,YES,TIE,1.0830324909747222
FNKO,09:30:00,2020-04-06 09:30:00,3.33,3.44,3.27,3.41,47588,3.1910000000007748,3.1620000000005013,GREEN,NO,3.8478571428571433,NO,YES,YES,YES,YES,TIE,0.8797653958944224
FOCS,09:30:00,2020-04-06 09:30:00,19.74,20.7,19.44,19.95,4191,18.70650000000077,18.4030000000005,GREEN,NO,2.215,NO,YES,YES,YES,YES,LOSS,2.775689223057644
FOLD,09:30:00,2020-04-03 09:30:00,9.49,9.64,9.49,9.55,42666,9.455000000000778,9.385000000000488,GREEN,NO,2.950714285714287,NO,YES,YES,YES,YES,TIE,-2.303664921465975
FOSL,09:30:00,2020-04-02 09:30:00,3.13,3.21,3.12,3.21,28574,3.0300000000007605,2.986000000000497,GREEN,NO,3.18,NO,YES,YES,YES,YES,TIE,-5.607476635514024
FOSL,09:30:00,2020-04-06 09:30:00,3.35,3.51,3.35,3.46,29109,3.1775000000007605,3.130000000000498,GREEN,NO,3.1142857142857148,NO,YES,YES,YES,YES,TIE,-2.0231213872832323
FPRX,09:30:00,2020-04-06 09:30:00,2.23,2.31,2.19,2.27,15669,2.1250000000007425,2.0860000000004817,GREEN,NO,5.27857142857143,NO,YES,YES,YES,YES,TIE,3.524229074889871
FRGI,09:30:00,2020-04-06 09:30:00,4.06,4.49,4.06,4.29,23804,4.047500000000752,3.978500000000471,GREEN,NO,1.989285714285714,NO,YES,YES,YES,YES,TIE,15.15151515151516
FSCT,09:30:00,2020-04-03 09:30:00,31.01,31.21,30.8,31.1,26761,30.893000000000765,30.78000000000042,GREEN,NO,9.69714285714286,NO,YES,YES,YES,YES,TIE,0.7395498392282858
FTNT,09:30:00,2020-04-03 09:30:00,100.83,102.35,99.62,101.18,78489,100.29300000000076,99.72050000000051,GREEN,NO,7.851428571428572,NO,YES,YES,YES,YES,TIE,0.019766752322589464
FTR,09:30:00,2020-04-07 09:30:00,0.38,0.39,0.37,0.38,87913,0.36950000000071626,0.36200000000052535,GREEN,NO,14.73642857142857,NO,YES,YES,YES,YES,TIE,-5.263157894736847
FTSM,09:30:00,2020-04-06 09:30:00,59.21,59.22,59.13,59.22,26894,59.172000000000814,59.14200000000054,GREEN,NO,11.922857142857143,NO,YES,YES,YES,YES,TIE,-0.08443093549476048
GAIN,09:30:00,2020-04-06 09:30:00,7.31,7.39,7.21,7.39,28820,6.956000000000762,6.8260000000005725,GREEN,NO,6.0457142857142845,NO,YES,YES,YES,YES,TIE,5.953991880920168
GBDC,09:30:00,2020-04-06 09:30:00,9.99,10.31,9.99,10.28,116037,9.470000000000756,9.31400000000055,GREEN,NO,6.865714285714286,NO,YES,YES,YES,YES,TIE,-3.112840466926056
GBT,09:30:00,2020-04-06 09:30:00,55.0,56.935,53.46,56.165,31765,52.56300000000071,51.63019500000053,GREEN,NO,6.756071428571429,NO,YES,YES,YES,YES,TIE,2.216682987625741
GDEN,09:30:00,2020-04-06 09:30:00,5.67,6.25,5.53,6.15,70968,5.23900000000076,5.123000000000519,GREEN,NO,9.01,NO,YES,YES,YES,YES,TIE,0.9756097560975545
GERN,09:30:00,2020-04-06 09:30:00,1.06,1.09,1.05,1.09,189537,1.0175000000007297,0.9120000000005448,GREEN,NO,8.162857142857144,NO,YES,YES,YES,YES,TIE,1.8348623853211024
GGAL,09:30:00,2020-04-03 09:30:00,7.2,7.27,7.06,7.22,18982,6.962000000000737,6.916500000000548,GREEN,NO,4.467142857142859,NO,YES,YES,YES,YES,TIE,0.8310249307479294
GGAL,09:30:00,2020-04-06 09:30:00,7.56,7.82,7.5,7.78,83951,7.2145000000007355,7.119500000000545,GREEN,NO,4.290714285714286,NO,YES,YES,YES,YES,TIE,-10.02570694087404
GIII,09:30:00,2020-04-06 09:30:00,6.14,6.98,6.14,6.61,113312,5.673500000000777,5.5575000000005605,GREEN,NO,10.343514285714287,NO,YES,YES,YES,YES,TIE,12.405446293494697
GIII,09:30:00,2020-04-07 09:30:00,8.3,9.71,8.1,9.06,288560,7.459000000000776,7.215500000000563,GREEN,NO,10.460657142857144,NO,YES,YES,YES,YES,TIE,0.6622516556291249
GILD,09:30:00,2020-04-03 09:30:00,77.41,78.9,76.97,78.78,1561475,75.9185000000008,75.37450000000054,GREEN,NO,10.800657142857146,NO,YES,YES,YES,YES,TIE,-1.091647626301091
GLAD,09:30:00,2020-04-06 09:30:00,4.93,5.25,4.93,5.25,59036,4.651000000000829,4.574000000000538,GREEN,NO,10.358571428571429,NO,YES,YES,YES,YES,TIE,-3.809523809523813
GLRE,09:30:00,2020-04-06 09:30:00,6.07,6.26,5.79,6.1,12014,5.787500000000873,5.679500000000592,GREEN,NO,7.1692857142857145,NO,YES,YES,YES,YES,TIE,1.1475409836065622
GLUU,09:30:00,2020-04-06 09:30:00,6.02,6.14,5.92,6.09,442865,5.924500000000867,5.8620000000005925,GREEN,NO,3.4750000000000005,NO,YES,YES,YES,YES,LOSS,14.265188834154355
GLYC,09:30:00,2020-04-06 09:30:00,2.19,2.21,2.14,2.19,8233,2.059500000000864,1.983500000000596,GREEN,NO,1.875,NO,YES,YES,YES,YES,TIE,0.0
GNMK,09:30:00,2020-04-02 09:30:00,4.19,4.25,4.04,4.24,28701,4.0820000000008525,3.8790000000005986,GREEN,NO,2.9778571428571428,NO,YES,YES,YES,YES,TIE,0.23584905660376854
GO,09:30:00,2020-04-03 09:30:00,34.58,35.34,34.28,34.91,27902,34.354500000000854,34.12300000000056,GREEN,NO,2.562857142857144,NO,YES,YES,YES,YES,LOSS,1.8353316691901636
GOOG,09:30:00,2020-04-03 09:30:00,1118.09,1123.54,1108.0,1120.0,58650,1116.4410000000012,1111.2535000000003,GREEN,NO,79.93142857142854,NO,YES,YES,YES,YES,LOSS,1.7841836734693872
GPRE,09:30:00,2020-04-06 09:30:00,4.17,4.39,4.15,4.34,8875,3.9780000000006894,3.908500000000283,GREEN,NO,84.95214285714287,NO,YES,YES,YES,YES,TIE,0.9216589861751161
GRMN,09:30:00,2020-04-03 09:30:00,73.35,74.1,73.03,73.45,87948,72.64300000000068,72.30400000000034,GREEN,NO,5.31,NO,YES,YES,YES,YES,LOSS,1.8073519400953026
HALO,09:30:00,2020-04-03 09:30:00,16.78,16.94,16.37,16.87,14449,16.594500000000732,16.467500000000335,GREEN,NO,2.200714285714286,NO,YES,YES,YES,YES,LOSS,3.261283766618681
HAPP,09:30:00,2020-04-06 09:30:00,3.17,3.18,3.1101,3.17,18341,3.074990000000726,3.0367600000003296,GREEN,NO,3.1407142857142856,NO,YES,YES,YES,YES,TIE,6.624605678233437
HCAT,09:30:00,2020-04-03 09:30:00,27.06,27.22,26.94,27.07,3468,26.971000000000764,26.81550000000029,GREEN,NO,6.823571428571428,NO,YES,YES,YES,YES,LOSS,6.301783735289461
HCAT,09:30:00,2020-04-07 09:30:00,28.0,28.48,27.9,28.4,64670,27.37450000000076,27.112500000000292,GREEN,NO,6.593571428571429,NO,YES,YES,YES,YES,LOSS,5.8042002012072444
HDS,09:30:00,2020-04-03 09:30:00,26.13,26.4,25.01,26.18,20853,25.945500000000735,25.729000000000305,GREEN,NO,2.599999999999999,NO,YES,YES,YES,YES,LOSS,2.4828113063407176
HEAR,09:30:00,2020-04-07 09:30:00,6.27,6.31,6.16,6.28,20735,6.051000000000745,5.982500000000298,GREEN,NO,3.3464285714285715,NO,YES,YES,YES,YES,LOSS,13.321769790718834
HIMX,09:30:00,2020-04-03 09:30:00,2.88,2.98,2.86,2.96,228002,2.7890000000008057,2.768000000000266,GREEN,NO,2.79,NO,YES,YES,YES,YES,TIE,-6.756756756756762
HLIT,09:30:00,2020-04-03 09:30:00,5.63,5.76,5.63,5.74,8727,5.577000000000807,5.548500000000264,GREEN,NO,1.824285714285714,NO,YES,YES,YES,YES,TIE,-5.052264808362369
HMSY,09:30:00,2020-04-03 09:30:00,24.51,24.99,24.5,24.98,5030,24.52750000000081,24.371500000000246,GREEN,NO,2.2435714285714283,NO,YES,YES,YES,YES,LOSS,2.245367722749628
HMSY,09:30:00,2020-04-06 09:30:00,25.22,25.96,25.22,25.52,44501,24.249000000000812,24.01200000000025,GREEN,NO,2.250714285714285,NO,YES,YES,YES,YES,LOSS,2.204853336318853
HOLX,09:30:00,2020-04-03 09:30:00,33.94,34.34,33.48,34.04,37650,33.6875000000008,33.470500000000236,GREEN,NO,4.152142857142857,NO,YES,YES,YES,YES,LOSS,3.049458620110794
HOLX,09:30:00,2020-04-07 09:30:00,38.02,38.89,37.74,38.35,429992,35.693000000000794,35.416000000000246,GREEN,NO,4.447857142857143,NO,YES,YES,YES,YES,LOSS,2.8995157384987893
HOMB,09:30:00,2020-04-03 09:30:00,11.95,12.09,11.88,11.96,14095,11.828500000000796,11.75150000000026,GREEN,NO,4.8235714285714275,NO,YES,YES,YES,YES,TIE,-7.357859531772581
HRTX,09:30:00,2020-04-03 09:30:00,11.5,11.6,11.31,11.6,22964,11.314500000000805,11.21000000000024,GREEN,NO,5.872142857142856,NO,YES,YES,YES,YES,TIE,0.0
HRZN,09:30:00,2020-04-06 09:30:00,7.47,7.62,7.45,7.58,19972,6.827500000000807,6.712000000000236,GREEN,NO,6.362857142857143,NO,YES,YES,YES,YES,TIE,-1.71503957783641
HSTM,09:30:00,2020-04-03 09:30:00,24.32,24.39,23.99,24.39,4140,23.98300000000084,23.84050000000021,GREEN,NO,5.7457142857142856,NO,YES,YES,YES,YES,TIE,-3.772037720377211
HTBX,09:30:00,2020-04-03 09:30:00,0.52,0.55,0.52,0.52,381572,0.5180000000008331,0.5125000000002107,GREEN,NO,2.3164285714285717,NO,YES,YES,YES,YES,TIE,-3.8461538461538494
HTLD,09:30:00,2020-04-03 09:30:00,17.72,17.98,17.52,17.73,10424,17.467500000000825,17.371000000000222,GREEN,NO,2.9985714285714287,NO,YES,YES,YES,YES,TIE,1.1280315848843727
HTLD,09:30:00,2020-04-06 09:30:00,18.53,18.75,18.29,18.58,3510,17.93700000000083,17.78300000000021,GREEN,NO,3.031428571428572,NO,YES,YES,YES,YES,TIE,1.9913885898815986
IAC,09:30:00,2020-04-06 09:30:00,174.49,176.48,174.15,175.4,11442,169.0215000000009,167.8910000000002,GREEN,NO,13.340000000000005,NO,YES,YES,YES,YES,WIN,3.8027366020524527
IBB,09:30:00,2020-04-03 09:30:00,107.55,108.61,106.75,108.02,105038,106.28100000000099,105.7600000000002,GREEN,NO,26.925,NO,YES,YES,YES,YES,TIE,-1.9625995186076564
IBKR,09:30:00,2020-04-03 09:30:00,44.79,45.41,44.48,45.1,14691,43.916500000000966,43.60200000000019,GREEN,NO,10.122857142857141,NO,YES,YES,YES,YES,LOSS,5.6113398796325615
IBOC,09:30:00,2020-04-03 09:30:00,26.16,27.31,26.16,27.02,22053,26.002500000000936,25.808500000000173,GREEN,NO,4.309999999999998,NO,YES,YES,YES,YES,LOSS,3.9877868245743873
IBTX,09:30:00,2020-04-03 09:30:00,23.29,23.69,22.87,23.31,6556,22.942500000000976,22.720500000000197,GREEN,NO,3.233571428571428,NO,YES,YES,YES,YES,LOSS,3.468008825151682
IBTX,09:30:00,2020-04-06 09:30:00,24.0,24.39,23.65,24.25,27896,22.538000000000967,22.215500000000187,GREEN,NO,3.021428571428572,NO,YES,YES,YES,YES,LOSS,3.114874815905744
ICHR,09:30:00,2020-04-06 09:30:00,16.57,17.87,16.57,17.79,16376,15.770000000000946,15.551500000000189,GREEN,NO,10.140714285714283,NO,YES,YES,YES,YES,TIE,13.71557054525015
ICLN,09:30:00,2020-04-07 09:30:00,10.2,10.33,10.18,10.23,66989,9.742500000000954,9.698500000000204,GREEN,NO,9.927142857142854,NO,YES,YES,YES,YES,TIE,-2.2482893450635424
ICLR,09:30:00,2020-04-06 09:30:00,135.0,137.48,135.0,136.3,4965,130.51050000000095,129.33400000000023,GREEN,NO,14.075714285714284,NO,YES,YES,YES,YES,WIN,5.163504873702965
ICPT,09:30:00,2020-04-03 09:30:00,60.12,61.37,59.51,61.0,7369,59.78900000000103,59.24300000000022,GREEN,NO,17.536428571428562,NO,YES,YES,YES,YES,TIE,-4.393442622950819
IDXX,09:30:00,2020-04-03 09:30:00,237.88,244.0,237.88,240.1,21607,236.4015000000009,234.73350000000028,GREEN,NO,20.47558571428571,NO,YES,YES,YES,YES,LOSS,2.1319851847444515
IHRT,09:30:00,2020-04-02 09:30:00,6.38,6.55,6.38,6.46,21273,6.280500000000912,6.201000000000407,GREEN,NO,5.3500000000000005,NO,YES,YES,YES,YES,TIE,-12.538699690402472
IHRT,09:30:00,2020-04-06 09:30:00,5.11,5.33,5.04,5.28,43433,4.801500000000909,4.682000000000408,GREEN,NO,5.252857142857144,NO,YES,YES,YES,YES,TIE,-9.469696969696969
IMGN,09:30:00,2020-04-06 09:30:00,3.56,3.62,3.47,3.62,102536,3.4265000000011034,3.3800000000005954,GREEN,NO,20.65785714285715,NO,YES,YES,YES,YES,TIE,-4.143646408839777
IMMR,09:30:00,2020-04-06 09:30:00,5.65,5.69,5.55,5.69,7401,5.414000000001099,5.370000000000569,GREEN,NO,5.610000000000002,NO,YES,YES,YES,YES,TIE,3.6906854130052715
INCY,09:30:00,2020-04-03 09:30:00,77.64,78.92,77.24,78.05,97142,76.12700000000117,75.66100000000061,GREEN,NO,7.9871428571428575,NO,YES,YES,YES,YES,TIE,0.33311979500320965
INFN,09:30:00,2020-04-06 09:30:00,5.28,5.45,5.26,5.32,124646,5.087000000001172,5.02000000000052,GREEN,NO,11.959285714285713,NO,YES,YES,YES,YES,TIE,5.075187969924803
INO,09:30:00,2020-04-07 09:30:00,8.75,9.2,8.1,8.85,4747476,8.498500000001224,8.297500000000559,GREEN,NO,7.151428571428572,NO,YES,YES,YES,YES,TIE,-6.440677966101699
INPX,09:30:00,2020-04-07 09:30:00,1.18,1.2,1.16,1.19,64301,1.1355000000012123,1.113500000000559,GREEN,NO,2.892142857142857,NO,YES,YES,YES,YES,TIE,8.403361344537823
INSM,09:30:00,2020-04-03 09:30:00,15.2,15.6,14.98,15.38,19222,14.754000000001206,14.562000000000554,GREEN,NO,2.2178571428571425,NO,YES,YES,YES,YES,LOSS,3.605099386958944
IOVA,09:30:00,2020-04-03 09:30:00,28.68,29.2,28.19,28.77,27693,28.279000000001158,27.986500000000692,GREEN,NO,7.109285714285713,NO,YES,YES,YES,YES,TIE,-0.4171011470281578
IQ,09:30:00,2020-04-06 09:30:00,17.2,17.44,16.1,17.22,545474,16.984000000001277,16.702000000000687,GREEN,NO,14.822857142857142,NO,YES,YES,YES,YES,TIE,-2.671312427409973
IRDM,09:30:00,2020-04-03 09:30:00,21.99,22.98,21.85,22.13,14007,21.49300000000124,21.293000000000696,GREEN,NO,11.348571428571427,NO,YES,YES,YES,YES,TIE,-9.308630817894256
IRWD,09:30:00,2020-04-03 09:30:00,10.08,10.26,9.5,10.1,20736,9.989000000001225,9.899000000000731,GREEN,NO,11.400714285714288,NO,YES,YES,YES,YES,TIE,-2.5742574257425725
ITRI,09:30:00,2020-04-06 09:30:00,56.38,58.11,55.65,57.52,10103,54.04750000000126,53.4455000000004,GREEN,NO,37.66857142857143,NO,YES,YES,YES,YES,TIE,1.6689847009735632
IUSV,09:30:00,2020-04-03 09:30:00,44.92,45.43,44.92,45.37,28438,44.826500000001246,44.663000000000345,GREEN,NO,2.5707142857142844,NO,YES,YES,YES,YES,LOSS,1.416527598476022
JAZZ,09:30:00,2020-04-03 09:30:00,99.04,102.84,98.79,101.66,12873,98.10450000000131,97.35900000000031,GREEN,NO,10.63884285714286,NO,YES,YES,YES,YES,LOSS,2.616280458671764
JCOM,09:30:00,2020-04-06 09:30:00,70.05,70.92,69.98,70.74,14188,67.9430000000014,67.38950000000028,GREEN,NO,12.779285714285713,NO,YES,YES,YES,YES,TIE,0.876448968052028
JJSF,09:30:00,2020-04-06 09:30:00,116.61,117.91,116.57,117.75,2066,111.16700000000141,110.25200000000031,GREEN,NO,12.194285714285712,NO,YES,YES,YES,YES,TIE,1.8174097664543527
JNCE,09:30:00,2020-04-06 09:30:00,4.51,4.74,4.51,4.53,9680,4.244500000001321,4.185000000000239,GREEN,NO,21.000714285714285,NO,YES,YES,YES,YES,TIE,8.830022075055176
KIRK,09:30:00,2020-04-06 09:30:00,0.71,0.75,0.71,0.74,7634,0.7155000000012169,0.7015000000003064,GREEN,NO,3.135714285714285,NO,YES,YES,YES,YES,TIE,-1.3513513513513526
KLIC,09:30:00,2020-04-03 09:30:00,20.65,20.9,20.52,20.8,9465,20.615500000001198,20.50450000000032,GREEN,NO,22.227857142857147,NO,YES,YES,YES,YES,TIE,-2.499999999999998
KLXE,09:30:00,2020-04-06 09:30:00,0.69,0.71,0.68,0.71,198161,0.7295000000012105,0.6765000000003292,GREEN,NO,22.021428571428572,NO,YES,YES,YES,YES,TIE,7.042253521126768
KMPH,09:30:00,2020-04-07 09:30:00,0.21,0.22,0.2,0.21,206763,0.2100000000012108,0.20150000000032955,GREEN,NO,10.900714285714283,NO,YES,YES,YES,YES,TIE,0.0
KNSA,09:30:00,2020-04-03 09:30:00,16.83,17.81,16.76,17.51,10499,15.867500000001204,15.650000000000329,GREEN,NO,2.9328571428571433,NO,YES,YES,YES,YES,TIE,-0.7424328954883069
KOD,09:30:00,2020-04-06 09:30:00,44.95,46.65,44.55,46.49,2302,43.329500000001154,42.639000000000436,GREEN,NO,12.939285714285715,NO,YES,YES,YES,YES,TIE,0.9249300924930086
KPTI,09:30:00,2020-04-06 09:30:00,18.77,19.0,18.4,18.95,20231,18.005000000001164,17.722500000000444,GREEN,NO,14.004285714285714,NO,YES,YES,YES,YES,TIE,0.8970976253298244
KRMD,09:30:00,2020-04-06 09:30:00,7.77,7.95,7.77,7.935,8696,7.284350000001174,7.175285000000452,GREEN,NO,8.242385714285714,NO,YES,YES,YES,YES,TIE,6.994328922495282
KURA,09:30:00,2020-04-06 09:30:00,8.49,8.65,8.26,8.65,9305,8.019000000001098,7.896000000000434,GREEN,NO,5.8248428571428565,NO,YES,YES,YES,YES,TIE,0.6936416184971156
LAKE,09:30:00,2020-04-03 09:30:00,17.66,17.95,17.07,17.85,109740,17.00650000000109,16.691000000000432,GREEN,NO,2.5719857142857148,NO,YES,YES,YES,YES,LOSS,3.6022208883553426
LAKE,09:30:00,2020-04-06 09:30:00,17.47,18.41,17.47,17.72,112927,17.511500000001096,17.231000000000428,GREEN,NO,2.5584142857142864,NO,YES,YES,YES,YES,LOSS,3.609500967429863
LAND,09:30:00,2020-04-06 09:30:00,11.94,11.99,11.84,11.99,7785,11.442500000001061,11.340000000000401,GREEN,NO,19.702142857142857,NO,YES,YES,YES,YES,TIE,-3.919933277731448
LGIH,09:30:00,2020-04-06 09:30:00,40.09,42.21,39.23,40.54,67804,34.49000000000103,33.915000000000326,GREEN,NO,16.77714285714286,NO,YES,YES,YES,YES,TIE,1.7020226936359097
LIND,09:30:00,2020-04-07 09:30:00,4.61,5.06,4.54,4.71,55904,4.163500000000981,3.9945000000001856,GREEN,NO,9.350714285714286,NO,YES,YES,YES,YES,TIE,5.944798301486205
LIVN,09:30:00,2020-04-06 09:30:00,44.24,45.31,42.31,44.94,7345,42.173000000001004,41.64150000000018,GREEN,NO,8.643571428571429,NO,YES,YES,YES,YES,TIE,2.1139296840231485
LJPC,09:30:00,2020-04-02 09:30:00,4.86,4.99,4.85,4.88,24817,4.577500000001015,4.495000000000182,GREEN,NO,11.482142857142858,NO,YES,YES,YES,YES,TIE,4.098360655737709
LJPC,09:30:00,2020-04-07 09:30:00,5.94,6.18,5.94,6.1,77655,5.627000000001017,5.53500000000018,GREEN,NO,11.439285714285715,NO,YES,YES,YES,YES,TIE,-6.721311475409824
LOCO,09:30:00,2020-04-06 09:30:00,8.26,8.44,8.17,8.28,22350,7.679000000001014,7.582500000000224,GREEN,NO,3.2692857142857146,NO,YES,YES,YES,YES,TIE,3.0193236714975846
LOGI,09:30:00,2020-04-03 09:30:00,43.34,43.59,43.21,43.49,23995,42.651000000001,42.50700000000022,GREEN,NO,3.0557142857142847,NO,YES,YES,YES,YES,TIE,-1.2646585421936176
LOVE,09:30:00,2020-04-06 09:30:00,4.38,4.55,4.19,4.39,10593,4.275500000000919,4.18900000000018,GREEN,NO,9.112142857142855,NO,YES,YES,YES,YES,TIE,-5.922551252847376
LPSN,09:30:00,2020-04-06 09:30:00,21.61,22.15,21.5,22.07,27579,20.540000000000934,20.308500000000173,GREEN,NO,11.301428571428573,NO,YES,YES,YES,YES,TIE,2.220208427729943
LSTR,09:30:00,2020-04-03 09:30:00,93.02,93.64,92.37,93.63,2352,92.00800000000109,91.59550000000029,GREEN,NO,40.42428571428571,NO,YES,YES,YES,YES,TIE,-2.4671579621916075
LTRPA,09:30:00,2020-04-06 09:30:00,1.58,1.64,1.55,1.62,25852,1.4270000000010212,1.392500000000274,GREEN,NO,7.935,NO,YES,YES,YES,YES,TIE,11.111111111111107
LTRPA,09:30:00,2020-04-07 09:30:00,1.9,2.08,1.9,1.95,107072,1.8295000000010224,1.7910000000002746,GREEN,NO,7.832142857142857,NO,YES,YES,YES,YES,TIE,-6.153846153846148
LUNA,09:30:00,2020-04-07 09:30:00,6.32,6.54,6.26,6.49,34118,5.977000000001028,5.9165000000003705,GREEN,NO,29.810714285714283,NO,YES,YES,YES,YES,TIE,-6.009244992295849
LX,09:30:00,2020-04-07 09:30:00,8.86,8.97,8.8,8.9,225560,8.566000000001045,8.49750000000037,GREEN,NO,17.576428571428572,NO,YES,YES,YES,YES,TIE,1.5730337078651548
LYFT,09:30:00,2020-04-06 09:30:00,23.65,24.0,23.34,23.85,554018,21.735500000001057,21.33900000000036,GREEN,NO,4.261428571428572,NO,YES,YES,YES,YES,TIE,7.96645702306079
MANH,09:30:00,2020-04-03 09:30:00,46.06,48.34,46.0,47.12,17249,45.31000000000106,44.860000000000326,GREEN,NO,3.939285714285714,NO,YES,YES,YES,YES,LOSS,2.09002849866602
MARK,09:30:00,2020-04-03 09:30:00,0.38,0.38,0.36,0.38,472585,0.366500000001052,0.36050000000024746,GREEN,NO,10.412142857142856,NO,YES,YES,YES,YES,TIE,-2.6315789473684235
MBRX,09:30:00,2020-04-06 09:30:00,0.57,0.59,0.56,0.58,57468,0.566000000000791,0.5550000000001329,GREEN,NO,15.595,NO,YES,YES,YES,YES,TIE,-3.4482758620689493
MCFT,09:30:00,2020-04-06 09:30:00,5.29,5.53,5.24,5.31,36614,5.131000000000776,5.053000000000137,GREEN,NO,4.277185714285714,NO,YES,YES,YES,YES,TIE,0.564971751412434
MCHI,09:30:00,2020-04-03 09:30:00,56.9,57.06,56.8,56.98,136957,56.60900000000079,56.47950000000011,GREEN,NO,5.816471428571428,NO,YES,YES,YES,YES,TIE,-1.3689013689013585
MDGL,09:30:00,2020-04-06 09:30:00,61.39,64.19,61.39,63.69,8694,58.699500000000725,57.980500000000156,GREEN,NO,15.778571428571427,NO,YES,YES,YES,YES,TIE,2.9831998743915933
MDLZ,09:30:00,2020-04-03 09:30:00,50.34,51.08,50.11,50.91,379974,49.95000000000071,49.6745000000001,GREEN,NO,15.756428571428573,NO,YES,YES,YES,YES,TIE,-1.0606953447259855
MEET,09:30:00,2020-04-03 09:30:00,5.88,5.94,5.84,5.93,95582,5.838500000000645,5.811000000000012,GREEN,NO,14.356428571428568,NO,YES,YES,YES,YES,TIE,-0.674536256323778
MEIP,09:30:00,2020-04-06 09:30:00,1.53,1.6,1.53,1.58,29546,1.3965000000006458,1.3690000000000109,GREEN,NO,11.245,NO,YES,YES,YES,YES,TIE,-1.8987341772151913
MELI,09:30:00,2020-04-06 09:30:00,473.88,477.99,470.09,477.99,39983,454.19450000000063,449.56349999999986,GREEN,NO,38.74285714285714,NO,YES,YES,YES,YES,WIN,4.052684903748733
MERC,09:30:00,2020-04-06 09:30:00,7.14,7.5,7.14,7.49,33413,6.9865000000005075,6.900500000000018,GREEN,NO,74.97785714285712,NO,YES,YES,YES,YES,TIE,1.4686248331108067
MGI,09:30:00,2020-04-06 09:30:00,1.24,1.27,1.22,1.25,48871,1.1925000000004506,1.174000000000047,GREEN,NO,10.057857142857145,NO,YES,YES,YES,YES,TIE,1.6000000000000014
MGNX,09:30:00,2020-04-03 09:30:00,5.41,5.49,5.38,5.44,2791,5.301000000000512,5.256000000000043,GREEN,NO,12.156428571428574,NO,YES,YES,YES,YES,TIE,-4.595588235294117
MGPI,09:30:00,2020-04-02 09:30:00,26.23,26.23,26.23,26.23,1070,25.989000000000523,25.74950000000005,GREEN,NO,8.459285714285713,NO,YES,YES,YES,YES,TIE,4.613038505528025
MGPI,09:30:00,2020-04-03 09:30:00,27.61,28.01,27.33,27.87,4265,27.16950000000054,26.953000000000053,GREEN,NO,8.565,NO,YES,YES,YES,YES,TIE,-4.772156440617158
MIK,09:30:00,2020-04-02 09:30:00,1.59,1.6,1.58,1.59,69785,1.5405000000004867,1.522000000000094,GREEN,NO,7.8985714285714295,NO,YES,YES,YES,YES,TIE,-3.7735849056603805
MIK,09:30:00,2020-04-06 09:30:00,1.82,1.95,1.79,1.89,324753,1.5860000000004886,1.543500000000093,GREEN,NO,7.88,NO,YES,YES,YES,YES,TIE,6.3492063492063435
MINI,09:30:00,2020-04-07 09:30:00,23.84,24.08,23.22,23.92,30830,22.782000000000483,22.60900000000009,GREEN,NO,7.215714285714286,NO,YES,YES,YES,YES,TIE,-0.6688963210702347
MIST,09:30:00,2020-04-06 09:30:00,1.8,1.8,1.78,1.8,50355,1.754500000000483,1.7330000000000847,GREEN,NO,5.0842857142857145,NO,YES,YES,YES,YES,TIE,17.222222222222214
MKSI,09:30:00,2020-04-03 09:30:00,77.66,78.32,76.97,78.0,4119,76.42600000000049,75.96050000000011,GREEN,NO,7.204285714285716,NO,YES,YES,YES,YES,LOSS,2.3090659340659347
MNKD,09:30:00,2020-04-06 09:30:00,0.95,0.98,0.95,0.98,116303,0.925000000000866,0.9155000000000909,GREEN,NO,5.025714285714286,NO,YES,YES,YES,YES,TIE,0.0
MORN,09:30:00,2020-04-06 09:30:00,112.63,114.98,110.83,113.68,2268,111.07150000000078,110.28100000000015,GREEN,NO,10.267142857142858,NO,YES,YES,YES,YES,TIE,0.6069669247009128
MRCY,09:30:00,2020-04-06 09:30:00,71.73,72.34,70.75,72.09,5136,67.83750000000074,67.13300000000011,GREEN,NO,28.09857142857143,NO,YES,YES,YES,YES,TIE,2.6078512969898675
MRNA,09:30:00,2020-04-02 09:30:00,30.57,30.74,30.31,30.7,352776,30.005000000000738,29.638500000000054,GREEN,NO,12.155714285714286,NO,YES,YES,YES,YES,TIE,7.1986970684039004
MRVL,09:30:00,2020-04-03 09:30:00,22.45,22.86,22.45,22.71,479264,22.118000000000738,21.930500000000077,GREEN,NO,9.653571428571428,NO,YES,YES,YES,YES,TIE,-1.321003963011892
MSFT,09:30:00,2020-04-03 09:30:00,155.2,156.94,154.45,156.34,2658131,153.95350000000082,152.9995000000001,GREEN,NO,15.229285714285718,NO,YES,YES,YES,YES,LOSS,2.435282991282736
MTSI,09:30:00,2020-04-03 09:30:00,18.4,18.75,18.1,18.67,5425,18.081500000000798,17.942500000000102,GREEN,NO,2.2028571428571424,NO,YES,YES,YES,YES,LOSS,2.9497283648328096
MU,09:30:00,2020-04-03 09:30:00,40.97,41.86,40.1,41.76,1418666,40.68650000000081,40.25150000000012,GREEN,NO,3.3114285714285714,NO,YES,YES,YES,YES,LOSS,1.9824165298303231
MXIM,09:30:00,2020-04-03 09:30:00,47.4,48.43,47.2,48.22,86526,46.8055000000008,46.51850000000012,GREEN,NO,8.744628571428569,NO,YES,YES,YES,YES,TIE,0.2903359601824981
MYGN,09:30:00,2020-04-03 09:30:00,13.02,13.29,12.91,13.14,11174,13.034000000000816,12.925500000000081,GREEN,NO,10.437485714285714,NO,YES,YES,YES,YES,TIE,-6.621004566210054
MYL,09:30:00,2020-04-06 09:30:00,14.14,14.58,13.98,14.43,446545,13.970000000000816,13.790500000000081,GREEN,NO,7.106421428571428,NO,YES,YES,YES,YES,TIE,-2.7027027027027066
MYOK,09:30:00,2020-04-03 09:30:00,46.34,47.47,45.15,47.45,3613,45.17750000000081,44.76900000000008,GREEN,NO,5.968571428571428,NO,YES,YES,YES,YES,LOSS,3.1446635556224596
NATI,09:30:00,2020-04-03 09:30:00,32.9,33.58,31.58,33.29,19868,32.00700000000081,31.75150000000007,GREEN,NO,4.0699999999999985,NO,YES,YES,YES,YES,TIE,-1.2916791829378182
NBLX,09:30:00,2020-04-06 09:30:00,3.21,3.24,3.11,3.22,41025,3.168500000000717,3.0960000000000893,GREEN,NO,13.315714285714286,NO,YES,YES,YES,YES,TIE,-3.7267080745341645
NBTB,09:30:00,2020-04-03 09:30:00,32.44,32.61,32.14,32.58,1252,32.27650000000075,32.08500000000009,GREEN,NO,2.832857142857143,NO,YES,YES,YES,YES,LOSS,2.1737700605103925
NDAQ,09:30:00,2020-04-03 09:30:00,94.53,95.57,93.71,95.14,36740,93.25750000000076,92.64000000000006,GREEN,NO,11.057142857142857,NO,YES,YES,YES,YES,TIE,-0.10510826150934865
NDLS,09:30:00,2020-04-06 09:30:00,3.61,3.92,3.57,3.75,39244,3.2760000000006833,3.2270000000000167,GREEN,NO,16.25357142857143,NO,YES,YES,YES,YES,TIE,4.533333333333331
NEO,09:30:00,2020-04-03 09:30:00,26.9,27.14,26.38,27.05,9528,26.51400000000067,26.317999999999994,GREEN,NO,25.832857142857137,NO,YES,YES,YES,YES,TIE,-10.388170055452873
NEPT,09:30:00,2020-04-06 09:30:00,1.16,1.17,1.13,1.17,81934,1.140000000000667,1.1189999999999984,GREEN,NO,17.452142857142857,NO,YES,YES,YES,YES,TIE,-2.5641025641025665
NEWT,09:30:00,2020-04-06 09:30:00,11.23,11.66,11.23,11.32,23916,10.22750000000066,9.907499999999997,GREEN,NO,5.747857142857143,NO,YES,YES,YES,YES,TIE,-2.826855123674914
NICE,09:30:00,2020-04-06 09:30:00,146.92,147.86,146.07,147.72,13429,142.98800000000082,142.04750000000018,GREEN,NO,35.917142857142856,NO,YES,YES,YES,YES,TIE,2.856756024911995
NNBR,09:30:00,2020-04-06 09:30:00,1.5,1.63,1.5,1.61,9847,1.4255000000008298,1.3890000000002598,GREEN,NO,1.1014285714285714,NO,YES,YES,YES,YES,TIE,-4.968944099378886
NSTG,09:30:00,2020-04-03 09:30:00,22.7,23.22,22.7,23.02,4617,22.46900000000084,22.29100000000027,GREEN,NO,11.280000000000005,NO,YES,YES,YES,YES,TIE,0.9556907037358768
NTNX,09:30:00,2020-04-06 09:30:00,15.13,15.33,14.91,15.27,166841,14.190000000000662,14.02800000000024,GREEN,NO,23.955,NO,YES,YES,YES,YES,TIE,5.042567125081857
NTRA,09:30:00,2020-04-03 09:30:00,27.5,28.22,27.27,27.5,20706,27.21550000000065,26.94300000000023,GREEN,NO,2.2785714285714285,NO,YES,YES,YES,YES,LOSS,2.071428571428571
NVAX,09:30:00,2020-04-06 09:30:00,15.6,16.43,15.15,16.35,708387,15.368000000000768,14.816000000000274,GREEN,NO,6.280714285714287,NO,YES,YES,YES,YES,TIE,-1.5290519877675839
NWL,09:30:00,2020-04-06 09:30:00,12.68,13.03,12.59,12.995,181470,12.020250000000935,11.905750000000484,GREEN,NO,19.33642857142857,NO,YES,YES,YES,YES,TIE,-1.4236244709503556
NWS,09:30:00,2020-04-06 09:30:00,8.57,8.74,8.57,8.72,24171,8.174000000000937,8.115000000000483,GREEN,NO,2.832142857142857,NO,YES,YES,YES,YES,TIE,2.9816513761467864
NYMT,09:30:00,2020-04-06 09:30:00,1.25,1.3,1.2,1.27,1484357,1.0685000000009914,1.0480000000004908,GREEN,NO,13.810714285714285,NO,YES,YES,YES,YES,TIE,-5.511811023622052
OCSL,09:30:00,2020-04-06 09:30:00,3.16,3.21,3.13,3.17,35763,3.0490000000009863,3.025500000000496,GREEN,NO,2.5517000000000003,NO,YES,YES,YES,YES,TIE,3.154574132492116
OCUL,09:30:00,2020-04-06 09:30:00,4.99,5.05,4.91,5.05,58928,4.742000000000983,4.6930000000004926,GREEN,NO,1.4174142857142855,NO,YES,YES,YES,YES,TIE,1.980198019801991
ODFL,09:30:00,2020-04-03 09:30:00,122.91,125.51,122.91,125.15,21949,121.61150000000096,120.97750000000043,GREEN,NO,8.762221428571427,NO,YES,YES,YES,YES,LOSS,1.7503438730666054
ODP,09:30:00,2020-04-03 09:30:00,1.61,1.67,1.57,1.64,267450,1.5880000000009118,1.5640000000004741,GREEN,NO,20.085714285714293,NO,YES,YES,YES,YES,TIE,-2.4390243902438913
OESX,09:30:00,2020-04-06 09:30:00,3.47,3.51,3.42,3.49,18802,3.242500000000912,3.1955000000004725,GREEN,NO,20.059285714285714,NO,YES,YES,YES,YES,TIE,3.43839541547277
OKTA,09:30:00,2020-04-06 09:30:00,123.0,125.75,121.49,125.18,262561,118.69100000000094,117.67650000000044,GREEN,NO,12.777857142857144,NO,YES,YES,YES,YES,TIE,2.348617990094262
OPTN,09:30:00,2020-04-07 09:30:00,3.99,4.05,3.98,3.99,55196,3.845000000001015,3.790000000000544,GREEN,NO,2.3242857142857143,NO,YES,YES,YES,YES,LOSS,14.563193698532043
ORBC,09:30:00,2020-04-06 09:30:00,1.99,2.04,1.95,2.03,10725,1.8890000000010123,1.8530000000005475,GREEN,NO,0.6114285714285714,NO,YES,YES,YES,YES,TIE,2.955665024630545
ORLY,09:30:00,2020-04-03 09:30:00,300.97,302.97,299.19,301.78,33394,300.730500000001,299.1700000000006,GREEN,NO,21.662142857142854,NO,YES,YES,YES,YES,LOSS,1.7945310207057172
OSTK,09:30:00,2020-04-06 09:30:00,5.6,5.84,5.45,5.64,346331,4.904000000001052,4.732000000000721,GREEN,NO,26.258571428571425,NO,YES,YES,YES,YES,TIE,-2.659574468085097
OSW,09:30:00,2020-04-02 09:30:00,3.76,3.81,3.7,3.81,9017,3.691000000001055,3.62600000000072,GREEN,NO,2.2792857142857144,NO,YES,YES,YES,YES,LOSS,14.955943007124109
PAYS,09:30:00,2020-04-03 09:30:00,4.08,4.5,4.08,4.5,217807,4.059500000001084,4.012000000000689,GREEN,NO,3.4564285714285714,NO,YES,YES,YES,YES,TIE,-0.8888888888888897
PAYS,09:30:00,2020-04-07 09:30:00,5.45,5.68,5.4,5.63,95453,5.115000000001084,4.969000000000689,GREEN,NO,3.4228571428571426,NO,YES,YES,YES,YES,TIE,11.012433392539966
PBPB,09:30:00,2020-04-06 09:30:00,3.11,3.19,3.06,3.19,6704,2.904500000001014,2.853500000000732,GREEN,NO,9.182857142857145,NO,YES,YES,YES,YES,TIE,0.31347962382445865
PBPB,09:30:00,2020-04-07 09:30:00,3.29,3.47,3.28,3.43,34897,3.2475000000010152,3.200000000000732,GREEN,NO,9.115,NO,YES,YES,YES,YES,TIE,0.5830903790087468
PCAR,09:30:00,2020-04-02 09:30:00,60.26,60.83,60.03,60.67,49346,59.23050000000103,58.84400000000071,GREEN,NO,4.8464285714285715,NO,YES,YES,YES,YES,TIE,-0.23075655183781205
PDD,09:30:00,2020-04-07 09:30:00,38.69,39.36,38.56,39.11,931494,38.23150000000103,38.018500000000714,GREEN,NO,2.917857142857144,NO,YES,YES,YES,YES,LOSS,1.865160536216533
PDLI,09:30:00,2020-04-06 09:30:00,2.71,2.76,2.71,2.75,27764,2.6765000000010315,2.652500000000708,GREEN,NO,5.237857142857143,NO,YES,YES,YES,YES,TIE,3.2727272727272676
PDP,09:30:00,2020-04-03 09:30:00,52.65,52.9,52.54,52.9,3924,52.316000000001004,52.22900000000075,GREEN,NO,8.26,NO,YES,YES,YES,YES,TIE,-2.2684310018903515
PETS,09:30:00,2020-04-03 09:30:00,29.1,29.9,28.69,29.31,77221,28.758000000000948,28.499000000000862,GREEN,NO,17.308571428571433,NO,YES,YES,YES,YES,TIE,-4.2306380075059655
PEY,09:30:00,2020-04-07 09:30:00,13.55,13.6,13.52,13.55,19547,13.08550000000094,13.040000000000838,GREEN,NO,10.191428571428572,NO,YES,YES,YES,YES,TIE,-2.2140221402214073
PFF,09:30:00,2020-04-03 09:30:00,30.31,30.44,30.2,30.36,283894,30.136500000000964,29.96650000000083,GREEN,NO,3.4849999999999994,NO,YES,YES,YES,YES,TIE,-1.6469038208168645
PFLT,09:30:00,2020-04-06 09:30:00,4.68,4.97,4.68,4.85,105643,4.373500000000936,4.302000000000834,GREEN,NO,3.6978571428571434,NO,YES,YES,YES,YES,TIE,-4.329896907216495
PGEN,09:30:00,2020-04-03 09:30:00,2.81,2.93,2.81,2.85,14150,2.752470000000956,2.7216650000009484,GREEN,NO,17.532857142857143,NO,YES,YES,YES,YES,TIE,-2.280701754385963
PIRS,09:30:00,2020-04-03 09:30:00,2.12,2.12,2.03,2.12,4445,2.05450000000094,2.0325000000009528,GREEN,NO,5.008571428571429,NO,YES,YES,YES,YES,TIE,-2.8301886792452855
PLAB,09:30:00,2020-04-03 09:30:00,9.81,9.97,9.69,9.88,6628,9.812500000000933,9.739500000000954,GREEN,NO,4.482857142857143,NO,YES,YES,YES,YES,TIE,-3.846153846153854
PLAY,09:30:00,2020-04-06 09:30:00,11.24,11.96,11.2,11.45,442616,10.272500000000935,9.958500000000956,GREEN,NO,3.0435714285714286,NO,YES,YES,YES,YES,LOSS,6.645352464129757
PNFP,09:30:00,2020-04-03 09:30:00,37.19,37.55,36.39,37.4,6100,36.491000000000994,36.19700000000105,GREEN,NO,6.528571428571429,NO,YES,YES,YES,YES,LOSS,4.364018334606571
PNNT,09:30:00,2020-04-06 09:30:00,2.53,2.6,2.5,2.55,46238,2.2595000000009917,2.225000000001034,GREEN,NO,5.5142857142857125,NO,YES,YES,YES,YES,TIE,6.666666666666682
PNNT,09:30:00,2020-04-07 09:30:00,2.93,3.08,2.93,3.03,58962,2.7375000000009915,2.6910000000010337,GREEN,NO,5.541428571428571,NO,YES,YES,YES,YES,TIE,-4.290429042904288
PPC,09:30:00,2020-04-06 09:30:00,18.06,18.25,18.06,18.21,19438,17.470500000001017,17.37650000000103,GREEN,NO,14.606428571428571,NO,YES,YES,YES,YES,TIE,0.10982976386600535
PRGS,09:30:00,2020-04-06 09:30:00,33.5,33.76,33.02,33.51,27317,32.208500000000946,31.97350000000106,GREEN,NO,10.042857142857144,NO,YES,YES,YES,YES,TIE,3.222918531781574
PRTA,09:30:00,2020-04-03 09:30:00,11.44,11.5,11.44,11.5,400,11.269000000000926,11.182500000001085,GREEN,NO,5.055,NO,YES,YES,YES,YES,LOSS,10.989130434782608
PRTK,09:30:00,2020-04-03 09:30:00,3.0,3.02,2.95,3.01,9719,2.9420000000009305,2.912500000001081,GREEN,NO,1.4649999999999996,NO,YES,YES,YES,YES,TIE,5.647840531561474
PRTK,09:30:00,2020-04-06 09:30:00,3.3,3.41,3.28,3.37,29770,3.1570000000009317,3.102000000001079,GREEN,NO,1.4278571428571425,NO,YES,YES,YES,YES,TIE,13.94658753709198
PS,09:30:00,2020-04-06 09:30:00,10.31,10.59,10.25,10.39,40645,9.639000000000934,9.50400000000108,GREEN,NO,1.2357142857142858,NO,YES,YES,YES,YES,WIN,5.946652000549979
PTEN,09:30:00,2020-04-03 09:30:00,1.92,1.98,1.89,1.93,197442,1.9685000000009327,1.900500000001101,GREEN,NO,4.9607142857142845,NO,YES,YES,YES,YES,TIE,-11.398963730569948
PTI,09:30:00,2020-04-06 09:30:00,1.14,1.15,1.13,1.14,22476,1.1200000000009347,1.1060000000011008,GREEN,NO,3.345,NO,YES,YES,YES,YES,TIE,0.8771929824561412
PULM,09:30:00,2020-04-03 09:30:00,1.3,1.38,1.25,1.33,275122,1.1770000000009346,1.150000000001108,GREEN,NO,4.398571428571429,NO,YES,YES,YES,YES,TIE,-7.518796992481209
PVAC,09:30:00,2020-04-07 09:30:00,3.15,3.35,3.14,3.2,94999,3.0535000000009354,2.9435000000011082,GREEN,NO,3.98,NO,YES,YES,YES,YES,LOSS,31.093749999999996
PXLW,09:30:00,2020-04-06 09:30:00,2.89,2.9,2.89,2.89,15671,2.723500000000936,2.7020000000011097,GREEN,NO,2.0985714285714288,NO,YES,YES,YES,YES,TIE,12.456747404844286
PZZA,09:30:00,2020-04-03 09:30:00,54.27,55.2,53.46,55.2,30543,53.48850000000103,53.11300000000115,GREEN,NO,10.784285714285717,NO,YES,YES,YES,YES,LOSS,4.884187370600415
QCOM,09:30:00,2020-04-03 09:30:00,68.07,68.69,67.68,68.59,412965,67.22000000000101,66.73450000000119,GREEN,NO,12.0,NO,YES,YES,YES,YES,LOSS,4.373815424989065
QFIN,09:30:00,2020-04-07 09:30:00,8.0,8.18,8.0,8.02,31606,7.888500000001012,7.817000000001234,GREEN,NO,10.130714285714287,NO,YES,YES,YES,YES,TIE,1.9950124688279323
QNST,09:30:00,2020-04-03 09:30:00,7.0,7.49,6.94,7.08,5317,6.962000000000971,6.8935000000012066,GREEN,NO,12.394285714285711,NO,YES,YES,YES,YES,TIE,-7.3446327683615875
QQQ,09:30:00,2020-04-03 09:30:00,185.47,187.07,184.93,186.67,3010816,184.77300000000102,183.83400000000117,GREEN,NO,19.69928571428571,NO,YES,YES,YES,YES,LOSS,2.638250082268939
QTNT,09:30:00,2020-04-03 09:30:00,3.9,3.95,3.73,3.91,6345,3.8490000000011713,3.8130000000012174,GREEN,NO,13.016428571428573,NO,YES,YES,YES,YES,TIE,-5.1150895140665
QTRX,09:30:00,2020-04-02 09:30:00,19.18,19.18,18.02,19.18,969,18.856500000001173,18.545000000001217,GREEN,NO,9.056428571428572,NO,YES,YES,YES,YES,TIE,3.3368091762252376
QTRX,09:30:00,2020-04-03 09:30:00,20.0,20.31,19.86,20.08,2715,19.398500000001174,19.25550000000122,GREEN,NO,8.887857142857145,NO,YES,YES,YES,YES,TIE,-3.5358565737051664
QURE,09:30:00,2020-04-03 09:30:00,47.16,47.27,47.0,47.25,1772,46.20300000000118,46.00800000000122,GREEN,NO,5.849285714285713,NO,YES,YES,YES,YES,LOSS,3.094860166288737
QYLD,09:30:00,2020-04-03 09:30:00,19.13,19.29,19.13,19.24,33288,19.103500000001198,19.013000000001224,GREEN,NO,7.4278571428571425,NO,YES,YES,YES,YES,TIE,-0.9875259875259758
RADA,09:30:00,2020-04-06 09:30:00,3.82,3.92,3.82,3.88,10192,3.6035000000011985,3.578000000001233,GREEN,NO,7.150714285714287,NO,YES,YES,YES,YES,TIE,-2.3195876288659756
RBBN,09:30:00,2020-04-06 09:30:00,2.95,3.02,2.89,2.99,12329,2.7620000000012164,2.7210000000012804,GREEN,NO,8.322857142857144,NO,YES,YES,YES,YES,TIE,2.675585284280924
RCEL,09:30:00,2020-04-07 09:30:00,6.0,6.12,6.0,6.05,68999,5.8495000000012185,5.815000000001283,GREEN,NO,7.437857142857142,NO,YES,YES,YES,YES,TIE,-3.140495867768587
RDHL,09:30:00,2020-04-02 09:30:00,4.66,4.68,4.64,4.68,7321,4.5725000000012335,4.531500000001262,GREEN,NO,2.066428571428571,NO,YES,YES,YES,YES,TIE,9.82905982905983
RDVY,09:30:00,2020-04-03 09:30:00,24.48,24.63,24.32,24.63,13830,24.36300000000123,24.30100000000123,GREEN,NO,1.7278571428571428,NO,YES,YES,YES,YES,LOSS,1.7538135838988458
RDWR,09:30:00,2020-04-06 09:30:00,21.01,21.18,20.97,21.18,4792,20.571000000001238,20.453000000001214,GREEN,NO,1.985,NO,YES,YES,YES,YES,TIE,-0.37771482530688527
REGI,09:30:00,2020-04-06 09:30:00,20.56,20.92,20.1,20.69,21608,19.559500000001254,19.274000000001198,GREEN,NO,5.020714285714285,NO,YES,YES,YES,YES,TIE,4.398260028999517
REPH,09:30:00,2020-04-06 09:30:00,7.36,7.46,7.36,7.38,11487,7.0800000000013865,7.011500000001592,GREEN,NO,72.57000000000002,NO,YES,YES,YES,YES,TIE,8.40108401084011
REYN,09:30:00,2020-04-06 09:30:00,30.49,30.98,30.04,30.58,9298,29.294500000001396,28.90700000000157,GREEN,NO,19.255,NO,YES,YES,YES,YES,TIE,-0.29431000654022194
RGEN,09:30:00,2020-04-03 09:30:00,96.66,98.65,95.98,98.65,8202,95.69150000000137,95.1480000000016,GREEN,NO,23.55428571428572,NO,YES,YES,YES,YES,TIE,-0.7501267105930147
RGLD,09:30:00,2020-04-02 09:30:00,92.13,92.56,91.53,92.53,14139,90.20450000000143,89.37250000000145,GREEN,NO,15.005,NO,YES,YES,YES,YES,TIE,1.8264346698368072
RICK,09:30:00,2020-04-06 09:30:00,8.78,9.33,8.78,9.22,10978,8.225500000001409,8.085500000001423,GREEN,NO,7.510714285714285,NO,YES,YES,YES,YES,TIE,-4.013015184381789
RING,09:30:00,2020-04-02 09:30:00,20.21,20.31,20.21,20.3,4296,19.82100000000141,19.681000000001426,GREEN,NO,2.0592857142857146,NO,YES,YES,YES,YES,TIE,3.497536945812812
RIOT,09:30:00,2020-04-06 09:30:00,0.95,0.96,0.92,0.96,158250,0.8825000000013989,0.8695000000014319,GREEN,NO,3.139285714285716,NO,YES,YES,YES,YES,LOSS,81.7522321428572
ROIC,09:30:00,2020-04-06 09:30:00,7.35,7.63,7.35,7.56,59454,6.9090000000013685,6.8230000000014455,GREEN,NO,5.013571428571429,NO,YES,YES,YES,YES,TIE,-1.5873015873015772
ROKU,09:30:00,2020-04-06 09:30:00,83.71,85.85,83.5,85.56,558928,81.06650000000134,80.2730000000015,GREEN,NO,9.979285714285718,NO,YES,YES,YES,YES,TIE,4.546517064048621
ROLL,09:30:00,2020-04-03 09:30:00,112.93,112.93,112.93,112.93,410,110.97700000000135,110.22700000000157,GREEN,NO,10.623571428571427,NO,YES,YES,YES,YES,LOSS,2.351804531251976
RP,09:30:00,2020-04-03 09:30:00,51.35,52.15,51.28,52.15,12183,50.57550000000144,50.33950000000159,GREEN,NO,19.057142857142857,NO,YES,YES,YES,YES,TIE,-3.5091083413231035
RRGB,09:30:00,2020-04-02 09:30:00,7.69,7.97,7.69,7.9,13571,7.475000000001415,7.327000000001563,GREEN,NO,7.8807142857142845,NO,YES,YES,YES,YES,TIE,-10.253164556962032
RRGB,09:30:00,2020-04-07 09:30:00,10.81,11.42,10.1,10.86,132732,9.279500000001411,8.889500000001563,GREEN,NO,7.739285714285713,NO,YES,YES,YES,YES,TIE,-5.064456721915276
RTLR,09:30:00,2020-04-02 09:30:00,3.7,3.79,3.7,3.76,5770,3.5785000000014167,3.4985000000015654,GREEN,NO,1.2857142857142858,NO,YES,YES,YES,YES,TIE,3.4574468085106473
RUTH,09:30:00,2020-04-06 09:30:00,5.98,6.24,5.97,6.16,138233,5.4655000000014144,5.36800000000154,GREEN,NO,4.075714285714286,NO,YES,YES,YES,YES,TIE,6.006493506493507
RVNC,09:30:00,2020-04-06 09:30:00,14.24,14.79,14.2,14.58,23452,13.763500000001418,13.590000000001545,GREEN,NO,4.152857142857142,NO,YES,YES,YES,YES,TIE,6.447187928669407
SANM,09:30:00,2020-04-06 09:30:00,24.58,25.18,24.58,24.84,22644,23.33400000000132,23.121000000001537,GREEN,NO,14.158571428571431,NO,YES,YES,YES,YES,TIE,4.830917874396133
SBGI,09:30:00,2020-04-06 09:30:00,12.99,13.72,12.86,13.7,61204,12.328500000001135,12.141500000001425,GREEN,NO,40.053571428571416,NO,YES,YES,YES,YES,TIE,3.065693430656934
SCHL,09:30:00,2020-04-06 09:30:00,26.61,26.92,26.61,26.67,1693,25.049500000001174,24.87300000000145,GREEN,NO,13.069999999999995,NO,YES,YES,YES,YES,TIE,0.8248968878890095
SCOR,09:30:00,2020-04-06 09:30:00,2.23,2.33,2.23,2.32,18825,2.1565000000012065,2.127000000001474,GREEN,NO,5.522857142857141,NO,YES,YES,YES,YES,TIE,7.327586206896568
SCYX,09:30:00,2020-04-07 09:30:00,0.86,0.88,0.85,0.88,69712,0.8470000000011882,0.8310000000014742,GREEN,NO,3.628571428571429,NO,YES,YES,YES,YES,TIE,-3.4090909090909123
SDGR,09:30:00,2020-04-06 09:30:00,40.62,41.5,40.1,41.35,41092,38.75900000000117,38.234500000001454,GREEN,NO,9.105714285714287,NO,YES,YES,YES,YES,LOSS,5.50526861288651
SEAC,09:30:00,2020-04-06 09:30:00,3.38,3.48,3.36,3.45,36646,3.262500000001185,3.227000000001458,GREEN,NO,8.447857142857144,NO,YES,YES,YES,YES,TIE,5.217391304347817
SEDG,09:30:00,2020-04-06 09:30:00,78.36,81.37,78.36,81.37,68573,74.38300000000116,73.57800000000147,GREEN,NO,11.247142857142858,NO,YES,YES,YES,YES,TIE,4.63315718323706
SFIX,09:30:00,2020-04-06 09:30:00,12.28,12.56,12.28,12.48,253702,11.656000000001145,11.505000000001454,GREEN,NO,5.137857142857143,NO,YES,YES,YES,YES,TIE,1.9230769230769247
SFM,09:30:00,2020-04-03 09:30:00,18.89,19.47,18.8,19.32,64907,18.65750000000113,18.513500000001464,GREEN,NO,3.519285714285714,NO,YES,YES,YES,YES,TIE,-2.3809523809523854
SGEN,09:30:00,2020-04-03 09:30:00,117.25,119.0,116.11,118.62,28953,116.85400000000112,116.0860000000015,GREEN,NO,9.492142857142856,NO,YES,YES,YES,YES,LOSS,2.0005359250427532
SGMO,09:30:00,2020-04-06 09:30:00,6.67,6.71,6.56,6.7,84825,6.5095000000011245,6.449500000001477,GREEN,NO,17.742857142857144,NO,YES,YES,YES,YES,TIE,0.8955223880596956
SHEN,09:30:00,2020-04-06 09:30:00,49.1,50.0,49.1,49.71,5082,47.590500000001114,47.15600000000149,GREEN,NO,3.6685714285714286,NO,YES,YES,YES,YES,WIN,3.6899732735580657
SHIP,09:30:00,2020-04-07 09:30:00,0.17300000000000001,0.182,0.1623,0.1736,8984883,0.14518500000111675,0.1403750000014782,GREEN,NO,7.197457142857143,NO,YES,YES,YES,YES,TIE,-7.776497695852541
SILK,09:30:00,2020-04-06 09:30:00,31.65,32.46,31.17,32.4,8864,29.721000000000988,29.27550000000141,GREEN,NO,5.296428571428573,NO,YES,YES,YES,YES,WIN,8.173500881834217
SIMO,09:30:00,2020-04-03 09:30:00,38.49,40.64,37.89,40.11,29245,37.27050000000101,36.928000000001404,GREEN,NO,5.881428571428572,NO,YES,YES,YES,YES,LOSS,3.6658118744880155
SINA,09:30:00,2020-04-06 09:30:00,33.29,33.66,33.21,33.63,76459,32.95750000000102,32.770000000001424,GREEN,NO,3.887142857142857,NO,YES,YES,YES,YES,TIE,-1.4272970561998333
SINT,09:30:00,2020-04-02 09:30:00,0.45,0.46,0.43,0.46,39858,0.4490000000010198,0.4320000000014038,GREEN,NO,4.621428571428573,NO,YES,YES,YES,YES,TIE,-19.56521739130435
SIRI,09:30:00,2020-04-03 09:30:00,4.73,4.76,4.66,4.74,819157,4.728000000001022,4.6920000000014035,GREEN,NO,4.0550000000000015,NO,YES,YES,YES,YES,TIE,-5.907172995780596
SKYW,09:30:00,2020-04-06 09:30:00,21.43,21.98,20.69,21.49,84752,19.93100000000096,19.54900000000142,GREEN,NO,22.068571428571424,NO,YES,YES,YES,YES,TIE,4.653327128897162
SLNO,09:30:00,2020-04-02 09:30:00,2.51,2.51,2.51,2.51,2039,2.349500000000968,2.286000000001461,GREEN,NO,4.193214285714285,NO,YES,YES,YES,YES,TIE,-2.7888446215139377
SLNO,09:30:00,2020-04-07 09:30:00,2.4,2.49,2.4,2.45,7636,2.237000000000968,2.1965000000014614,GREEN,NO,4.190357142857144,NO,YES,YES,YES,YES,TIE,0.8163265306122455
SLRC,09:30:00,2020-04-03 09:30:00,11.54,11.71,11.31,11.7,35080,11.271000000000914,11.191500000001488,GREEN,NO,6.6464285714285705,NO,YES,YES,YES,YES,TIE,-5.641025641025642
SMH,09:30:00,2020-04-03 09:30:00,114.0,115.46,113.78,114.98,88378,113.62250000000091,113.11700000000141,GREEN,NO,9.292142857142858,NO,YES,YES,YES,YES,LOSS,2.0203824267574486
SNCR,09:30:00,2020-04-06 09:30:00,3.07,3.16,2.96,3.16,3474,2.8735000000010116,2.810000000001544,GREEN,NO,6.190714285714287,NO,YES,YES,YES,YES,TIE,-2.531645569620255
SNSS,09:30:00,2020-04-06 09:30:00,0.44,0.4494,0.4349,0.4401,21488,0.4236650000010092,0.4163950000014808,GREEN,NO,19.74059285714285,NO,YES,YES,YES,YES,TIE,1.9541013406044072
SOHO,09:30:00,2020-04-06 09:30:00,1.63,1.68,1.63,1.64,27527,1.4980000000010465,1.4745000000014992,GREEN,NO,16.134885714285716,NO,YES,YES,YES,YES,TIE,3.658536585365857
SOHO,09:30:00,2020-04-07 09:30:00,1.8,1.98,1.8,1.9,35359,1.7140000000010474,1.6740000000014992,GREEN,NO,16.122028571428572,NO,YES,YES,YES,YES,TIE,-11.052631578947366
SONO,09:30:00,2020-04-06 09:30:00,8.42,8.58,8.4,8.52,113046,7.851500000001049,7.7570000000015,GREEN,NO,3.7,NO,YES,YES,YES,YES,TIE,1.995305164319248
SONO,09:30:00,2020-04-07 09:30:00,9.02,9.32,9.0,9.27,134658,8.66550000000105,8.575000000001504,GREEN,NO,3.6557142857142857,NO,YES,YES,YES,YES,LOSS,9.858992140545539
SOXX,09:30:00,2020-04-03 09:30:00,199.45,201.98,198.47,201.45,86988,198.14150000000103,197.17400000000148,GREEN,NO,14.157142857142857,NO,YES,YES,YES,YES,LOSS,1.756905293763075
SRET,09:30:00,2020-04-06 09:30:00,5.47,5.62,5.47,5.6,206734,5.050125000000973,5.009685000001177,GREEN,NO,7.071428571428571,NO,YES,YES,YES,YES,TIE,0.8928571428571557
SRET,09:30:00,2020-04-07 09:30:00,6.0,6.28,5.9,6.175,148315,5.695250000000971,5.625200000001175,GREEN,NO,7.105714285714284,NO,YES,YES,YES,YES,TIE,-2.9149797570850158
SRNE,09:30:00,2020-04-03 09:30:00,1.97,2.13,1.97,2.06,1105375,1.972500000000972,1.8835000000011741,GREEN,NO,6.1149999999999975,NO,YES,YES,YES,YES,TIE,18.446601941747566
SRNE,09:30:00,2020-04-07 09:30:00,2.61,2.66,2.51,2.65,627869,2.6070000000009714,2.5355000000011745,GREEN,NO,5.812857142857142,NO,YES,YES,YES,YES,TIE,-5.283018867924533
SSNC,09:30:00,2020-04-06 09:30:00,43.67,44.51,43.1,44.31,68598,41.289500000000906,40.9420000000012,GREEN,NO,12.363571428571431,NO,YES,YES,YES,YES,TIE,4.1976980365605945
SSRM,09:30:00,2020-04-02 09:30:00,12.44,12.73,12.43,12.51,46001,12.107500000000922,11.949000000001204,GREEN,NO,5.464285714285716,NO,YES,YES,YES,YES,TIE,4.956035171862518
SSYS,09:30:00,2020-04-06 09:30:00,14.46,14.78,14.31,14.68,51220,13.766000000000918,13.615500000001195,GREEN,NO,3.6185714285714288,NO,YES,YES,YES,YES,TIE,8.99182561307902
STKL,09:30:00,2020-04-06 09:30:00,1.72,1.78,1.66,1.75,12829,1.704000000000932,1.6745000000011712,GREEN,NO,3.3000000000000003,NO,YES,YES,YES,YES,TIE,-1.142857142857144
SUPN,09:30:00,2020-04-06 09:30:00,17.78,18.0,17.47,17.9,9589,17.277000000000942,17.08900000000121,GREEN,NO,7.932857142857142,NO,YES,YES,YES,YES,TIE,2.234636871508392
SVC,09:30:00,2020-04-06 09:30:00,4.99,5.2,4.87,5.14,357794,4.5200000000009535,4.444500000001215,GREEN,NO,5.843571428571429,NO,YES,YES,YES,YES,TIE,-7.587548638132289
SVMK,09:30:00,2020-04-06 09:30:00,12.08,12.5,12.02,12.15,41735,11.735500000000961,11.594000000001206,GREEN,NO,2.955,NO,YES,YES,YES,YES,TIE,2.6337448559670804
SWAV,09:30:00,2020-04-06 09:30:00,30.4,31.8,30.01,31.51,22889,29.399000000000964,28.929000000001217,GREEN,NO,2.93,NO,YES,YES,YES,YES,LOSS,2.32465883846398
SWIR,09:30:00,2020-04-06 09:30:00,5.7,5.85,5.7,5.78,48805,5.629000000000938,5.574500000001214,GREEN,NO,4.300000000000002,NO,YES,YES,YES,YES,TIE,5.709342560553634
SYNH,09:30:00,2020-04-06 09:30:00,36.34,37.95,35.95,37.14,40133,34.187500000000924,33.7350000000012,GREEN,NO,5.8950000000000005,NO,YES,YES,YES,YES,WIN,7.936187399030695
SYRS,09:30:00,2020-04-03 09:30:00,5.73,5.89,5.73,5.86,1564,5.5755000000009565,5.5290000000012105,GREEN,NO,7.772142857142858,NO,YES,YES,YES,YES,TIE,4.095563139931729
TACO,09:30:00,2020-04-06 09:30:00,3.32,3.45,3.23,3.34,120131,3.1275000000009574,3.067000000001212,GREEN,NO,5.314285714285715,NO,YES,YES,YES,YES,TIE,-2.6946107784431095
TAST,09:30:00,2020-04-07 09:30:00,1.89,2.02,1.88,1.94,76922,1.798000000000955,1.7695000000012135,GREEN,NO,3.1328571428571435,NO,YES,YES,YES,YES,LOSS,40.3718703976436
TBIO,09:30:00,2020-04-03 09:30:00,9.09,9.24,9.08,9.19,7756,8.997500000000958,8.919000000001217,GREEN,NO,0.802142857142857,NO,YES,YES,YES,YES,LOSS,2.1821078812373695
TBLT,09:30:00,2020-04-06 09:30:00,0.16,0.1716,0.156,0.1626,2699853,0.1526650000009528,0.1473900000012146,GREEN,NO,1.4406500000000002,NO,YES,YES,YES,YES,TIE,-4.7970479704797055
TCDA,09:30:00,2020-04-07 09:30:00,25.0,25.66,24.81,25.13,51326,24.17400000000097,23.76850000000121,GREEN,NO,2.7284285714285708,NO,YES,YES,YES,YES,LOSS,2.7143141379114315
TCOM,09:30:00,2020-04-06 09:30:00,22.99,23.2,22.82,23.07,539981,21.917000000000986,21.780500000001236,GREEN,NO,3.9021428571428567,NO,YES,YES,YES,YES,TIE,1.6905071521456463
TCPC,09:30:00,2020-04-06 09:30:00,5.47,5.75,5.47,5.67,38215,5.1585000000009895,5.079000000001242,GREEN,NO,4.814285714285715,NO,YES,YES,YES,YES,TIE,-4.232804232804237
TEAM,09:30:00,2020-04-06 09:30:00,133.55,135.68,130.37,133.64,89129,131.20850000000104,130.04850000000118,GREEN,NO,12.980714285714289,NO,YES,YES,YES,YES,TIE,2.0876982939239905
TECH,09:30:00,2020-04-03 09:30:00,189.55,190.41,189.55,189.76,1583,187.6035000000011,186.98300000000125,GREEN,NO,14.986428571428574,NO,YES,YES,YES,YES,LOSS,1.974392465670923
TECH,09:30:00,2020-04-06 09:30:00,191.86,192.88,190.28,192.4,1769,185.39800000000113,184.3035000000013,GREEN,NO,15.181428571428578,NO,YES,YES,YES,YES,TIE,1.086278586278588
TELL,09:30:00,2020-04-02 09:30:00,0.9596,0.98,0.95,0.9605,88526,0.9276900000011488,0.914225000001344,GREEN,NO,20.147928571428565,NO,YES,YES,YES,YES,TIE,5.674128058302955
TELL,09:30:00,2020-04-06 09:30:00,1.21,1.34,1.2,1.28,613417,1.1128350000011489,1.0886700000013445,GREEN,NO,19.61157142857143,NO,YES,YES,YES,YES,TIE,1.5625000000000013
TER,09:30:00,2020-04-06 09:30:00,55.06,56.4,55.06,56.18,67321,52.7995000000011,52.397000000001384,GREEN,NO,17.717285714285715,NO,YES,YES,YES,YES,TIE,5.2509789960840205
TERP,09:30:00,2020-04-06 09:30:00,15.3,15.74,15.14,15.7,36456,14.667500000001128,14.551500000001367,GREEN,NO,7.512142857142857,NO,YES,YES,YES,YES,TIE,1.6560509554140228
TLND,09:30:00,2020-04-06 09:30:00,19.48,19.84,19.48,19.71,2438,18.82900000000112,18.693000000001366,GREEN,NO,1.5157142857142862,NO,YES,YES,YES,YES,WIN,3.845038776545627
TNAV,09:30:00,2020-04-06 09:30:00,4.14,4.15,4.04,4.14,14354,3.9245000000010486,3.8815000000011737,GREEN,NO,24.67857142857143,NO,YES,YES,YES,YES,TIE,6.763285024154595
TNDM,09:30:00,2020-04-06 09:30:00,64.49,65.34,64.08,64.88,66403,61.553000000001056,60.93050000000119,GREEN,NO,17.04785714285714,NO,YES,YES,YES,YES,TIE,3.622071516646129
TPTX,09:30:00,2020-04-03 09:30:00,41.75,42.09,41.1,41.79,44855,41.619000000001066,41.06700000000121,GREEN,NO,3.5778571428571437,NO,YES,YES,YES,YES,LOSS,2.140378764571156
TQQQ,09:30:00,2020-04-03 09:30:00,43.86,44.57,43.1,44.47,2675360,43.35650000000108,42.59950000000124,GREEN,NO,3.385714285714285,NO,YES,YES,YES,YES,LOSS,1.9033698480516554
TRIL,09:30:00,2020-04-06 09:30:00,3.8,3.92,3.76,3.92,92610,3.6135000000009865,3.542000000001294,GREEN,NO,16.900714285714287,NO,YES,YES,YES,YES,TIE,2.040816326530614
TRS,09:30:00,2020-04-06 09:30:00,23.11,23.41,23.11,23.26,4481,22.152000000001156,21.93550000000141,GREEN,NO,16.49857142857143,NO,YES,YES,YES,YES,TIE,-0.42992261392949876
TRUE,09:30:00,2020-04-06 09:30:00,2.17,2.28,2.15,2.23,38309,2.0890000000011493,2.016500000001408,GREEN,NO,3.271428571428572,NO,YES,YES,YES,YES,TIE,-4.035874439461877
TRUP,09:30:00,2020-04-06 09:30:00,25.32,25.74,25.15,25.74,3241,24.489000000001127,24.267500000001412,GREEN,NO,3.2292857142857145,NO,YES,YES,YES,YES,TIE,4.273504273504279
TRVG,09:30:00,2020-04-06 09:30:00,1.38,1.44,1.35,1.43,48606,1.3570000000011082,1.336500000001396,GREEN,NO,3.832142857142857,NO,YES,YES,YES,YES,TIE,-0.6993006993007
TSC,09:30:00,2020-04-06 09:30:00,9.32,9.76,9.32,9.6,4641,8.792500000001109,8.661500000001396,GREEN,NO,2.4876857142857145,NO,YES,YES,YES,YES,TIE,1.4583333333333393
TSEM,09:30:00,2020-04-06 09:30:00,16.04,16.37,16.04,16.34,24584,15.52000000000113,15.398000000001366,GREEN,NO,12.0634,NO,YES,YES,YES,YES,TIE,3.916768665850677
TTD,09:30:00,2020-04-06 09:30:00,169.51,172.19,166.29,170.91,157038,159.37500000000128,157.2375000000017,GREEN,NO,69.02142857142857,NO,YES,YES,YES,YES,TIE,11.017494587794753
TTOO,09:30:00,2020-04-07 09:30:00,0.53,0.54,0.52,0.53,354442,0.5255000000011856,0.512500000001683,GREEN,NO,1.6544571428571426,NO,YES,YES,YES,YES,TIE,-1.8867924528301903
TTWO,09:30:00,2020-04-03 09:30:00,119.34,120.34,118.57,120.26,63544,117.39750000000122,116.80800000000168,GREEN,NO,9.2616,NO,YES,YES,YES,YES,LOSS,1.9253284550141359
TUR,09:30:00,2020-04-06 09:30:00,18.98,19.13,18.98,19.12,17241,18.55000000000117,18.48300000000166,GREEN,NO,18.58071428571429,NO,YES,YES,YES,YES,TIE,-0.313807531380765
TW,09:30:00,2020-04-02 09:30:00,42.9,43.19,42.77,43.08,3432,42.23500000000122,41.90300000000185,GREEN,NO,56.566428571428574,NO,YES,YES,YES,YES,TIE,5.060352831940575
TW,09:30:00,2020-04-06 09:30:00,46.33,46.99,45.87,46.35,32088,45.5510000000012,45.19200000000185,GREEN,NO,56.71214285714286,NO,YES,YES,YES,YES,TIE,3.7971952535059286
TWNK,09:30:00,2020-04-06 09:30:00,11.03,11.25,10.95,11.09,233550,10.3510000000012,10.269500000001852,GREEN,NO,25.96357142857143,NO,YES,YES,YES,YES,TIE,0.5410279531109152
TWST,09:30:00,2020-04-03 09:30:00,30.23,30.38,29.77,30.38,16370,28.237500000001198,27.86600000000186,GREEN,NO,4.429285714285714,NO,YES,YES,YES,YES,LOSS,3.64490266152544
TXN,09:30:00,2020-04-03 09:30:00,102.44,103.16,101.35,103.0,182932,100.82700000000109,100.27650000000179,GREEN,NO,14.534999999999998,NO,YES,YES,YES,YES,LOSS,3.527912621359223
ULTA,09:30:00,2020-04-03 09:30:00,160.34,163.43,159.86,160.91,20561,159.72750000000119,158.1370000000019,GREEN,NO,14.999285714285715,NO,YES,YES,YES,YES,LOSS,2.330384331969069
UPLD,09:30:00,2020-04-03 09:30:00,26.27,26.61,25.44,26.61,2481,25.4135000000011,25.26500000000181,GREEN,NO,4.657857142857141,NO,YES,YES,YES,YES,LOSS,4.376040156761689
UPWK,09:30:00,2020-04-07 09:30:00,6.31,6.62,6.28,6.49,267403,5.968000000001111,5.8450000000018045,GREEN,NO,3.800714285714287,NO,YES,YES,YES,YES,TIE,-2.311248073959944
URBN,09:30:00,2020-04-06 09:30:00,13.44,14.15,13.39,14.1,100977,12.760000000001119,12.5705000000018,GREEN,NO,3.9321428571428565,NO,YES,YES,YES,YES,TIE,8.865248226950355
USCR,09:30:00,2020-04-07 09:30:00,16.8,17.5,15.86,17.04,285341,16.387000000001127,16.037500000001813,GREEN,NO,1.672857142857143,NO,YES,YES,YES,YES,WIN,4.908618376928237
UXIN,09:30:00,2020-04-06 09:30:00,1.54,1.75,1.48,1.59,130370,1.5420000000011167,1.511000000001792,GREEN,NO,13.032857142857141,NO,YES,YES,YES,YES,TIE,-1.8867924528301903
VBIV,09:30:00,2020-04-06 09:30:00,1.0,1.03,1.0,1.01,146547,0.9465000000011174,0.7970000000017919,GREEN,NO,10.705,NO,YES,YES,YES,YES,TIE,-90.0990099009901
VECO,09:30:00,2020-04-06 09:30:00,8.8,9.27,8.72,9.2,16453,8.285500000001129,8.15650000000184,GREEN,NO,6.987857142857143,NO,YES,YES,YES,YES,TIE,4.021739130434794
VERI,09:30:00,2020-04-06 09:30:00,2.35,2.61,2.3,2.48,126071,2.154500000001125,2.110500000001844,GREEN,NO,1.91,NO,YES,YES,YES,YES,TIE,12.903225806451607
VERI,09:30:00,2020-04-07 09:30:00,2.89,2.97,2.89,2.91,38912,2.9515000000011264,2.7150000000018446,GREEN,NO,1.8685714285714283,NO,YES,YES,YES,YES,LOSS,16.05301914580265
VGIT,09:30:00,2020-04-02 09:30:00,70.53,70.7,70.53,70.53,35117,70.53300000000115,70.47900000000185,GREEN,NO,4.9449999999999985,NO,YES,YES,YES,YES,TIE,-0.15596200198497012
VIAC,09:30:00,2020-04-06 09:30:00,13.27,13.92,13.12,13.57,997793,12.40250000000126,12.169000000001867,GREEN,NO,8.85357142857143,NO,YES,YES,YES,YES,TIE,2.7266028002947618
VIAC,09:30:00,2020-04-07 09:30:00,14.63,15.79,14.1,15.75,1822272,13.934000000001266,13.471000000001869,GREEN,NO,8.958571428571428,NO,YES,YES,YES,YES,TIE,-6.6666666666666705
VICR,09:30:00,2020-04-03 09:30:00,41.38,41.61,40.75,41.61,3455,40.80750000000125,40.46150000000186,GREEN,NO,3.3628571428571425,NO,YES,YES,YES,YES,LOSS,2.0204621141895833
VIOT,09:30:00,2020-04-06 09:30:00,4.8,4.88,4.71,4.82,39283,4.673500000001249,4.637500000001876,GREEN,NO,8.45142857142857,NO,YES,YES,YES,YES,TIE,1.6597510373443998
VIOT,09:30:00,2020-04-07 09:30:00,4.9,5.1,4.9,5.1,65447,4.9070000000012515,4.878500000001874,GREEN,NO,8.458571428571428,NO,YES,YES,YES,YES,TIE,-0.9803921568627416
VIVE,09:30:00,2020-04-06 09:30:00,0.63,0.7,0.63,0.65,46020,0.6115000000012581,0.5980000000019016,GREEN,NO,3.0014571428571424,NO,YES,YES,YES,YES,TIE,6.153846153846142
VNOM,09:30:00,2020-04-02 09:30:00,7.2,7.48,7.14,7.4,33927,6.600000000001343,6.487000000001961,GREEN,NO,4.575000000000001,NO,YES,YES,YES,YES,TIE,7.837837837837839
VNQI,09:30:00,2020-04-06 09:30:00,41.36,41.72,41.36,41.66,70104,40.50300000000133,40.36150000000196,GREEN,NO,3.75,NO,YES,YES,YES,YES,TIE,0.33605376860297786
VRA,09:30:00,2020-04-06 09:30:00,3.44,3.8,3.43,3.67,13934,3.2270000000015022,3.170000000002009,GREEN,NO,23.149285714285718,NO,YES,YES,YES,YES,TIE,-3.814713896457769
VRSK,09:30:00,2020-04-06 09:30:00,146.3,148.11,145.74,146.89,55943,140.62700000000163,139.64000000000203,GREEN,NO,14.28571428571429,NO,YES,YES,YES,YES,TIE,0.5786643066240199
VRTX,09:30:00,2020-04-03 09:30:00,241.38,247.45,239.74,242.35,98149,236.56150000000184,234.489000000002,GREEN,NO,31.947142857142854,NO,YES,YES,YES,YES,LOSS,3.2955583718942494
VTIP,09:30:00,2020-04-03 09:30:00,49.34,49.44,49.34,49.43,45589,49.179500000001795,49.15350000000201,GREEN,NO,23.86,NO,YES,YES,YES,YES,TIE,-0.1618450333805347
VUZI,09:30:00,2020-04-03 09:30:00,1.29,1.35,1.27,1.35,36827,1.3105000000016482,1.2875000000020391,GREEN,NO,15.297142857142855,NO,YES,YES,YES,YES,TIE,-3.703703703703707
VUZI,09:30:00,2020-04-07 09:30:00,1.42,1.49,1.42,1.47,47483,1.4135000000016482,1.3970000000020388,GREEN,NO,15.299285714285713,NO,YES,YES,YES,YES,TIE,4.761904761904766
VYMI,09:30:00,2020-04-07 09:30:00,47.23,47.6,47.04,47.26,22813,45.78800000000168,45.58800000000202,GREEN,NO,8.429285714285713,NO,YES,YES,YES,YES,TIE,-2.4756665256030357
WDC,09:30:00,2020-04-06 09:30:00,40.26,41.86,40.26,41.79,580097,38.30550000000166,37.69800000000202,GREEN,NO,15.125000000000005,NO,YES,YES,YES,YES,TIE,3.589375448671931
WEN,09:30:00,2020-04-06 09:30:00,13.72,14.28,13.53,14.24,557346,12.885500000001695,12.618500000002012,GREEN,NO,31.73714285714286,NO,YES,YES,YES,YES,TIE,1.404494382022467
WHF,09:30:00,2020-04-02 09:30:00,6.71,6.8,6.71,6.8,756,6.631460000001713,6.544330000001986,GREEN,NO,4.659285714285715,NO,YES,YES,YES,YES,TIE,-2.2058823529411686
WIFI,09:30:00,2020-04-06 09:30:00,10.74,10.9,10.61,10.84,22141,10.186000000001716,10.048500000001985,GREEN,NO,3.297142857142858,NO,YES,YES,YES,YES,TIE,-1.1070110701106939
WKHS,09:30:00,2020-04-06 09:30:00,1.69,1.71,1.68,1.7,84872,1.6180000000017365,1.5980000000020858,GREEN,NO,14.337142857142856,NO,YES,YES,YES,YES,TIE,-3.529411764705886
WPRT,09:30:00,2020-04-06 09:30:00,0.8148,0.8491,0.8,0.8201,52697,0.7799750000018217,0.7642000000020271,GREEN,NO,25.759242857142855,NO,YES,YES,YES,YES,TIE,-0.7681990001219464
WPRT,09:30:00,2020-04-07 09:30:00,0.84,0.89,0.8311,0.8816,119108,0.8199550000018219,0.809515000002027,GREEN,NO,25.760885714285717,NO,YES,YES,YES,YES,TIE,-4.605263157894745
WRTC,09:30:00,2020-04-06 09:30:00,4.1,4.14,4.06,4.14,7840,4.030500000001822,3.8925000000020256,GREEN,NO,13.428471428571429,NO,YES,YES,YES,YES,TIE,-1.932367149758456
WW,09:30:00,2020-04-06 09:30:00,15.31,16.17,15.1,16.04,188248,14.314000000001814,13.992500000002053,GREEN,NO,3.980685714285714,NO,YES,YES,YES,YES,TIE,6.733167082294276
XNCR,09:30:00,2020-04-03 09:30:00,29.37,29.54,29.13,29.54,2422,28.267000000001897,28.05700000000193,GREEN,NO,10.572142857142854,NO,YES,YES,YES,YES,TIE,-2.6743398781313448
XPER,09:30:00,2020-04-06 09:30:00,13.38,14.13,13.38,14.04,18058,12.735500000001904,12.54100000000196,GREEN,NO,2.498571428571428,NO,YES,YES,YES,YES,TIE,3.7749287749287834
XRAY,09:30:00,2020-04-07 09:30:00,38.65,39.43,38.63,39.3,273861,37.707000000001905,37.40950000000197,GREEN,NO,4.342857142857143,NO,YES,YES,YES,YES,LOSS,2.7626317702653584
Z,09:30:00,2020-04-06 09:30:00,32.59,34.0,32.29,33.27,352209,30.38200000000192,29.893500000001932,GREEN,NO,8.802142857142858,NO,YES,YES,YES,YES,TIE,11.391644123835283
Z,09:30:00,2020-04-07 09:30:00,39.0,40.89,38.82,39.04,570965,36.67350000000194,36.05800000000193,GREEN,NO,9.227142857142855,NO,YES,YES,YES,YES,TIE,-3.2018442622950816
ZAGG,09:30:00,2020-04-06 09:30:00,2.87,2.99,2.83,2.97,63290,2.6210000000019607,2.585000000001928,GREEN,NO,9.419285714285717,NO,YES,YES,YES,YES,TIE,3.0303030303030254
ZBRA,09:30:00,2020-04-06 09:30:00,184.77,188.0,184.51,186.58,13047,176.670500000002,175.20150000000203,GREEN,NO,18.14571428571428,NO,YES,YES,YES,YES,TIE,2.647657841140528
ZG,09:30:00,2020-04-06 09:30:00,31.55,32.78,31.39,32.09,102338,29.40850000000209,29.091000000002122,GREEN,NO,28.328571428571433,NO,YES,YES,YES,YES,TIE,13.773761296353987
ZION,09:30:00,2020-04-01 09:30:00,25.87,26.11,25.65,25.97,192663,23.90000000000208,23.614500000002106,GREEN,NO,15.143571428571432,NO,YES,YES,YES,YES,TIE,-3.0804774740084606
ZUMZ,09:30:00,2020-04-06 09:30:00,15.24,15.89,15.2,15.87,22368,14.346500000002164,14.120500000002133,GREEN,NO,9.812642857142857,NO,YES,YES,YES,YES,TIE,7.4354127284184095
